54170.000,0.084,-0.334,0.364
54171.000,0.084,-0.294,0.354
54172.000,0.075,-0.354,0.385
54173.000,0.084,-0.334,0.428
54174.000,0.111,-0.344,0.385
54175.000,0.084,-0.314,0.407
54176.000,0.066,-0.304,0.364
54177.000,0.039,-0.324,0.417
54178.000,0.111,-0.324,0.354
54179.000,0.093,-0.354,0.375
54180.000,0.111,-0.344,0.343
54181.000,0.084,-0.324,0.375
54182.000,0.048,-0.294,0.396
54183.000,0.075,-0.314,0.364
54184.000,0.057,-0.384,0.428
54185.000,0.084,-0.294,0.375
54186.000,0.075,-0.304,0.396
54187.000,0.057,-0.314,0.407
54188.000,0.066,-0.354,0.385
54189.000,0.084,-0.294,0.396
54190.000,0.066,-0.344,0.375
54191.000,0.066,-0.344,0.385
54192.000,0.084,-0.324,0.322
54193.000,0.039,-0.354,0.407
54194.000,0.084,-0.324,0.407
54195.000,0.084,-0.344,0.385
54196.000,0.066,-0.324,0.417
54197.000,0.039,-0.334,0.407
54198.000,0.102,-0.314,0.396
54199.000,0.075,-0.344,0.364
54200.000,0.030,-0.374,0.375
54201.000,0.093,-0.394,0.311
54202.000,0.102,-0.314,0.407
54203.000,0.066,-0.364,0.385
54204.000,0.084,-0.354,0.385
54205.000,0.093,-0.304,0.332
54206.000,0.102,-0.354,0.354
54207.000,0.039,-0.314,0.385
54208.000,0.084,-0.364,0.407
54209.000,0.111,-0.314,0.343
54210.000,0.066,-0.324,0.407
54211.000,0.093,-0.404,0.385
54212.000,0.075,-0.354,0.364
54213.000,0.120,-0.344,0.364
54214.000,0.111,-0.334,0.332
54215.000,0.066,-0.284,0.417
54216.000,0.030,-0.364,0.417
54217.000,0.102,-0.344,0.343
54218.000,0.048,-0.294,0.375
54219.000,0.102,-0.294,0.407
54220.000,0.147,-0.314,0.280
54221.000,0.075,-0.274,0.385
54222.000,0.066,-0.364,0.396
54223.000,0.066,-0.354,0.343
54224.000,0.075,-0.354,0.343
54225.000,0.102,-0.314,0.354
54226.000,0.138,-0.334,0.385
54227.000,0.129,-0.324,0.385
54228.000,0.075,-0.334,0.364
54229.000,0.093,-0.354,0.311
54230.000,0.084,-0.314,0.332
54231.000,0.093,-0.314,0.332
54232.000,0.093,-0.334,0.385
54233.000,0.084,-0.374,0.375
54234.000,0.111,-0.304,0.354
54235.000,0.120,-0.304,0.364
54236.000,0.057,-0.364,0.343
54237.000,0.075,-0.314,0.375
54238.000,0.057,-0.324,0.417
54239.000,0.138,-0.314,0.332
54240.000,0.111,-0.384,0.354
54241.000,0.111,-0.354,0.375
54242.000,0.156,-0.354,0.375
54243.000,0.102,-0.354,0.364
54244.000,0.129,-0.324,0.364
54245.000,0.057,-0.324,0.364
54246.000,0.102,-0.334,0.375
54247.000,0.084,-0.364,0.396
54248.000,0.084,-0.354,0.343
54249.000,0.120,-0.344,0.364
54250.000,0.129,-0.294,0.343
54251.000,0.129,-0.354,0.385
54252.000,0.120,-0.354,0.343
54253.000,0.111,-0.334,0.343
54254.000,0.129,-0.294,0.343
54255.000,0.075,-0.344,0.396
54256.000,0.075,-0.344,0.396
54257.000,0.129,-0.324,0.375
54258.000,0.084,-0.354,0.396
54259.000,0.102,-0.294,0.385
54260.000,0.048,-0.314,0.375
54261.000,0.084,-0.334,0.343
54262.000,0.102,-0.414,0.385
54263.000,0.084,-0.334,0.375
54264.000,0.093,-0.344,0.343
54265.000,0.102,-0.354,0.385
54266.000,0.093,-0.314,0.354
54267.000,0.102,-0.384,0.375
54268.000,0.066,-0.314,0.322
54269.000,0.111,-0.354,0.364
54270.000,0.084,-0.264,0.301
54271.000,0.084,-0.324,0.438
54272.000,0.093,-0.324,0.385
54273.000,0.057,-0.364,0.407
54274.000,0.102,-0.334,0.385
54275.000,0.093,-0.384,0.354
54276.000,0.138,-0.354,0.396
54277.000,0.093,-0.334,0.385
54278.000,0.048,-0.354,0.417
54279.000,0.102,-0.294,0.354
54280.000,0.066,-0.334,0.375
54281.000,0.120,-0.324,0.385
54282.000,0.093,-0.284,0.343
54283.000,0.066,-0.354,0.385
54284.000,0.048,-0.314,0.375
54285.000,0.102,-0.314,0.396
54286.000,0.066,-0.294,0.332
54287.000,0.093,-0.364,0.354
54288.000,0.057,-0.354,0.332
54289.000,0.102,-0.354,0.375
54290.000,0.120,-0.364,0.385
54291.000,0.048,-0.334,0.428
54292.000,0.066,-0.354,0.407
54293.000,0.057,-0.384,0.407
54294.000,0.102,-0.374,0.385
54295.000,0.057,-0.354,0.375
54296.000,0.039,-0.354,0.364
54297.000,0.111,-0.364,0.407
54298.000,0.093,-0.314,0.364
54299.000,0.093,-0.384,0.364
54300.000,0.120,-0.344,0.311
54301.000,0.048,-0.364,0.375
54302.000,0.066,-0.314,0.322
54303.000,0.102,-0.354,0.375
54304.000,0.039,-0.344,0.396
54305.000,0.093,-0.334,0.385
54306.000,0.021,-0.314,0.396
54307.000,0.048,-0.354,0.375
54308.000,0.066,-0.334,0.269
54309.000,0.021,-0.354,0.354
54310.000,0.057,-0.374,0.364
54311.000,0.102,-0.294,0.375
54312.000,0.057,-0.344,0.396
54313.000,0.021,-0.344,0.343
54314.000,0.084,-0.314,0.396
54315.000,0.066,-0.344,0.343
54316.000,0.057,-0.344,0.354
54317.000,0.057,-0.304,0.385
54318.000,0.048,-0.354,0.375
54319.000,0.084,-0.354,0.417
54320.000,0.084,-0.304,0.364
54321.000,0.048,-0.354,0.407
54322.000,0.030,-0.334,0.407
54323.000,0.075,-0.314,0.322
54324.000,0.084,-0.294,0.396
54325.000,0.057,-0.334,0.364
54326.000,0.084,-0.324,0.417
54327.000,0.075,-0.294,0.332
54328.000,0.057,-0.364,0.354
54329.000,0.066,-0.314,0.428
54330.000,0.093,-0.324,0.364
54331.000,0.075,-0.344,0.343
54332.000,0.084,-0.344,0.354
54333.000,0.066,-0.294,0.385
54334.000,0.048,-0.344,0.385
54335.000,0.075,-0.394,0.438
54336.000,0.120,-0.384,0.364
54337.000,0.066,-0.344,0.375
54338.000,0.075,-0.354,0.385
54339.000,0.021,-0.254,0.385
54340.000,0.048,-0.344,0.364
54341.000,0.102,-0.324,0.385
54342.000,0.066,-0.344,0.385
54343.000,0.075,-0.364,0.364
54344.000,0.057,-0.294,0.385
54345.000,0.057,-0.324,0.354
54346.000,0.102,-0.354,0.375
54347.000,0.102,-0.284,0.417
54348.000,0.021,-0.354,0.375
54349.000,0.039,-0.344,0.385
54350.000,0.030,-0.284,0.407
54351.000,0.066,-0.324,0.375
54352.000,0.084,-0.324,0.343
54353.000,0.102,-0.314,0.364
54354.000,0.057,-0.334,0.385
54355.000,0.066,-0.354,0.396
54356.000,0.093,-0.314,0.332
54357.000,0.102,-0.294,0.322
54358.000,0.048,-0.314,0.343
54359.000,0.048,-0.354,0.364
54360.000,0.084,-0.384,0.396
54361.000,0.084,-0.334,0.364
54362.000,0.084,-0.334,0.396
54363.000,0.075,-0.334,0.407
54364.000,0.075,-0.384,0.354
54365.000,0.120,-0.344,0.354
54366.000,0.075,-0.374,0.343
54367.000,0.021,-0.354,0.385
54368.000,0.066,-0.334,0.364
54369.000,0.093,-0.284,0.322
54370.000,0.147,-0.354,0.332
54371.000,0.048,-0.344,0.354
54372.000,0.084,-0.374,0.364
54373.000,0.057,-0.344,0.385
54374.000,0.093,-0.304,0.407
54375.000,0.093,-0.354,0.280
54376.000,0.138,-0.304,0.332
54377.000,0.066,-0.274,0.354
54378.000,0.057,-0.344,0.354
54379.000,0.111,-0.324,0.364
54380.000,0.066,-0.344,0.332
54381.000,0.093,-0.334,0.375
54382.000,0.102,-0.304,0.343
54383.000,0.111,-0.324,0.375
54384.000,0.093,-0.414,0.280
54385.000,0.093,-0.314,0.332
54386.000,0.147,-0.334,0.375
54387.000,0.057,-0.354,0.396
54388.000,0.057,-0.344,0.375
54389.000,0.093,-0.314,0.417
54390.000,0.102,-0.314,0.364
54391.000,0.084,-0.324,0.354
54392.000,0.102,-0.374,0.343
54393.000,0.102,-0.314,0.396
54394.000,0.057,-0.334,0.396
54395.000,0.066,-0.354,0.385
54396.000,0.066,-0.334,0.311
54397.000,0.120,-0.364,0.407
54398.000,0.066,-0.334,0.375
54399.000,0.111,-0.284,0.375
54400.000,0.138,-0.374,0.343
54401.000,0.102,-0.364,0.354
54402.000,0.111,-0.304,0.385
54403.000,0.111,-0.334,0.343
54404.000,0.138,-0.334,0.332
54405.000,0.129,-0.324,0.332
54406.000,0.102,-0.334,0.354
54407.000,0.084,-0.374,0.375
54408.000,0.084,-0.314,0.343
54409.000,0.066,-0.314,0.354
54410.000,0.066,-0.344,0.343
54411.000,0.057,-0.354,0.385
54412.000,0.093,-0.324,0.354
54413.000,0.111,-0.294,0.343
54414.000,0.111,-0.334,0.332
54415.000,0.075,-0.334,0.322
54416.000,0.102,-0.324,0.375
54417.000,0.111,-0.354,0.375
54418.000,0.057,-0.374,0.375
54419.000,0.111,-0.334,0.364
54420.000,0.102,-0.294,0.375
54421.000,0.102,-0.334,0.417
54422.000,0.102,-0.324,0.396
54423.000,0.102,-0.334,0.396
54424.000,0.075,-0.344,0.364
54425.000,0.111,-0.384,0.396
54426.000,0.075,-0.354,0.375
54427.000,0.102,-0.334,0.449
54428.000,0.102,-0.334,0.396
54429.000,0.111,-0.274,0.354
54430.000,0.066,-0.334,0.311
54431.000,0.057,-0.294,0.364
54432.000,0.030,-0.324,0.364
54433.000,0.084,-0.324,0.343
54434.000,0.075,-0.354,0.364
54435.000,0.102,-0.334,0.428
54436.000,0.075,-0.344,0.385
54437.000,0.057,-0.354,0.332
54438.000,0.066,-0.354,0.407
54439.000,0.102,-0.354,0.375
54440.000,0.066,-0.314,0.332
54441.000,0.066,-0.374,0.343
54442.000,0.075,-0.334,0.407
54443.000,0.084,-0.334,0.364
54444.000,0.057,-0.334,0.417
54445.000,0.111,-0.294,0.407
54446.000,0.066,-0.314,0.375
54447.000,0.066,-0.294,0.332
54448.000,0.066,-0.344,0.332
54449.000,0.102,-0.354,0.385
54450.000,0.057,-0.324,0.354
54451.000,0.084,-0.294,0.396
54452.000,0.039,-0.374,0.332
54453.000,0.039,-0.384,0.375
54454.000,0.048,-0.334,0.322
54455.000,0.084,-0.314,0.428
54456.000,0.012,-0.354,0.354
54457.000,0.084,-0.364,0.396
54458.000,0.120,-0.334,0.385
54459.000,0.057,-0.344,0.385
54460.000,0.066,-0.334,0.322
54461.000,0.111,-0.314,0.396
54462.000,0.066,-0.324,0.375
54463.000,0.084,-0.344,0.354
54464.000,0.066,-0.374,0.364
54465.000,0.048,-0.354,0.354
54466.000,0.057,-0.304,0.332
54467.000,0.030,-0.314,0.385
54468.000,0.084,-0.334,0.354
54469.000,0.057,-0.304,0.417
54470.000,0.102,-0.314,0.407
54471.000,0.066,-0.324,0.417
54472.000,0.102,-0.324,0.385
54473.000,0.048,-0.344,0.354
54474.000,0.066,-0.364,0.354
54475.000,0.066,-0.354,0.428
54476.000,0.039,-0.354,0.375
54477.000,0.075,-0.314,0.322
54478.000,0.120,-0.314,0.364
54479.000,0.075,-0.314,0.438
54480.000,0.084,-0.354,0.375
54481.000,0.039,-0.314,0.407
54482.000,0.084,-0.314,0.364
54483.000,0.111,-0.314,0.396
54484.000,0.138,-0.304,0.354
54485.000,0.048,-0.294,0.364
54486.000,0.057,-0.354,0.385
54487.000,0.048,-0.334,0.385
54488.000,0.084,-0.334,0.343
54489.000,0.102,-0.364,0.385
54490.000,0.111,-0.324,0.375
54491.000,0.048,-0.364,0.396
54492.000,0.084,-0.364,0.428
54493.000,0.120,-0.364,0.375
54494.000,0.075,-0.344,0.375
54495.000,0.156,-0.334,0.375
54496.000,0.111,-0.364,0.385
54497.000,0.093,-0.374,0.385
54498.000,0.021,-0.374,0.417
54499.000,0.129,-0.334,0.385
54500.000,0.111,-0.284,0.460
54501.000,0.048,-0.354,0.449
54502.000,0.120,-0.374,0.375
54503.000,0.084,-0.334,0.343
54504.000,0.084,-0.354,0.375
54505.000,0.111,-0.334,0.428
54506.000,0.066,-0.344,0.364
54507.000,0.111,-0.374,0.332
54508.000,0.102,-0.324,0.385
54509.000,0.057,-0.334,0.385
54510.000,0.066,-0.374,0.343
54511.000,0.102,-0.314,0.354
54512.000,0.129,-0.334,0.385
54513.000,0.066,-0.354,0.375
54514.000,0.075,-0.354,0.428
54515.000,0.066,-0.324,0.375
54516.000,0.084,-0.334,0.385
54517.000,0.102,-0.314,0.375
54518.000,0.120,-0.334,0.354
54519.000,0.039,-0.294,0.396
54520.000,0.111,-0.274,0.385
54521.000,0.084,-0.344,0.407
54522.000,0.084,-0.354,0.396
54523.000,0.048,-0.304,0.438
54524.000,0.093,-0.374,0.407
54525.000,0.111,-0.284,0.364
54526.000,0.102,-0.294,0.375
54527.000,0.075,-0.314,0.364
54528.000,0.093,-0.344,0.428
54529.000,0.093,-0.354,0.332
54530.000,0.084,-0.304,0.364
54531.000,0.120,-0.324,0.438
54532.000,0.093,-0.354,0.364
54533.000,0.066,-0.324,0.364
54534.000,0.111,-0.364,0.343
54535.000,0.066,-0.314,0.396
54536.000,0.075,-0.394,0.364
54537.000,0.084,-0.314,0.364
54538.000,0.084,-0.374,0.407
54539.000,0.102,-0.354,0.354
54540.000,0.102,-0.374,0.354
54541.000,0.066,-0.404,0.375
54542.000,0.075,-0.294,0.332
54543.000,0.093,-0.324,0.428
54544.000,0.066,-0.364,0.364
54545.000,0.084,-0.354,0.375
54546.000,0.057,-0.334,0.385
54547.000,0.084,-0.324,0.354
54548.000,0.084,-0.334,0.375
54549.000,0.138,-0.364,0.364
54550.000,0.066,-0.314,0.396
54551.000,0.174,-0.314,0.417
54552.000,0.084,-0.364,0.375
54553.000,0.066,-0.364,0.332
54554.000,0.138,-0.344,0.332
54555.000,0.066,-0.354,0.417
54556.000,0.093,-0.314,0.385
54557.000,0.084,-0.354,0.364
54558.000,0.120,-0.314,0.407
54559.000,0.066,-0.374,0.385
54560.000,0.075,-0.334,0.385
54561.000,0.048,-0.354,0.396
54562.000,0.075,-0.344,0.396
54563.000,0.084,-0.354,0.428
54564.000,0.021,-0.314,0.364
54565.000,0.102,-0.294,0.385
54566.000,0.066,-0.304,0.354
54567.000,0.075,-0.344,0.375
54568.000,0.084,-0.354,0.375
54569.000,0.084,-0.344,0.385
54570.000,-0.015,-0.324,0.311
54571.000,-0.006,-0.334,0.301
54572.000,0.093,-0.314,0.364
54573.000,0.075,-0.334,0.375
54574.000,0.039,-0.304,0.375
54575.000,0.075,-0.344,0.364
54576.000,0.066,-0.354,0.385
54577.000,0.039,-0.284,0.343
54578.000,0.075,-0.264,0.407
54579.000,0.003,-0.354,0.385
54580.000,0.057,-0.354,0.354
54581.000,0.066,-0.374,0.407
54582.000,0.066,-0.294,0.375
54583.000,0.084,-0.334,0.385
54584.000,0.075,-0.274,0.343
54585.000,0.057,-0.354,0.385
54586.000,0.030,-0.334,0.407
54587.000,0.093,-0.274,0.375
54588.000,-0.033,-0.384,0.354
54589.000,0.075,-0.354,0.332
54590.000,0.039,-0.354,0.407
54591.000,0.057,-0.334,0.364
54592.000,0.066,-0.354,0.417
54593.000,0.102,-0.354,0.364
54594.000,0.048,-0.354,0.375
54595.000,0.075,-0.364,0.375
54596.000,0.057,-0.314,0.396
54597.000,0.102,-0.304,0.364
54598.000,0.066,-0.314,0.407
54599.000,0.066,-0.314,0.375
54600.000,0.093,-0.344,0.354
54601.000,0.093,-0.334,0.396
54602.000,0.057,-0.324,0.385
54603.000,0.102,-0.304,0.343
54604.000,0.030,-0.324,0.417
54605.000,0.048,-0.314,0.407
54606.000,0.066,-0.374,0.407
54607.000,0.048,-0.364,0.364
54608.000,0.048,-0.304,0.364
54609.000,0.093,-0.324,0.396
54610.000,0.012,-0.344,0.364
54611.000,0.066,-0.304,0.385
54612.000,0.120,-0.344,0.385
54613.000,0.012,-0.304,0.375
54614.000,0.066,-0.344,0.385
54615.000,0.039,-0.364,0.375
54616.000,0.075,-0.334,0.396
54617.000,0.075,-0.314,0.396
54618.000,0.048,-0.354,0.438
54619.000,0.057,-0.314,0.343
54620.000,0.084,-0.334,0.375
54621.000,0.066,-0.344,0.385
54622.000,0.129,-0.344,0.407
54623.000,0.111,-0.304,0.343
54624.000,0.084,-0.374,0.375
54625.000,0.066,-0.304,0.396
54626.000,0.066,-0.314,0.375
54627.000,0.021,-0.304,0.428
54628.000,0.057,-0.374,0.354
54629.000,0.093,-0.304,0.290
54630.000,0.075,-0.284,0.375
54631.000,0.129,-0.314,0.343
54632.000,0.129,-0.344,0.385
54633.000,0.075,-0.334,0.385
54634.000,0.093,-0.384,0.375
54635.000,0.039,-0.354,0.322
54636.000,0.084,-0.324,0.396
54637.000,0.120,-0.264,0.343
54638.000,0.084,-0.384,0.343
54639.000,0.084,-0.304,0.354
54640.000,0.129,-0.334,0.385
54641.000,0.057,-0.324,0.364
54642.000,0.075,-0.314,0.438
54643.000,0.057,-0.354,0.396
54644.000,0.102,-0.354,0.332
54645.000,0.084,-0.314,0.375
54646.000,0.093,-0.334,0.354
54647.000,0.075,-0.294,0.428
54648.000,0.084,-0.364,0.396
54649.000,0.075,-0.294,0.385
54650.000,0.102,-0.304,0.375
54651.000,0.066,-0.334,0.332
54652.000,0.111,-0.374,0.375
54653.000,0.093,-0.354,0.407
54654.000,0.102,-0.334,0.438
54655.000,0.084,-0.334,0.343
54656.000,0.066,-0.294,0.375
54657.000,0.102,-0.354,0.332
54658.000,0.084,-0.354,0.407
54659.000,0.057,-0.304,0.364
54660.000,0.093,-0.384,0.332
54661.000,0.129,-0.244,0.375
54662.000,0.084,-0.344,0.343
54663.000,0.084,-0.324,0.407
54664.000,0.003,-0.354,0.354
54665.000,0.102,-0.344,0.343
54666.000,0.102,-0.354,0.438
54667.000,0.066,-0.344,0.460
54668.000,0.147,-0.344,0.385
54669.000,0.084,-0.384,0.438
54670.000,0.048,-0.344,0.364
54671.000,0.084,-0.384,0.364
54672.000,0.057,-0.324,0.396
54673.000,0.093,-0.344,0.396
54674.000,0.039,-0.334,0.428
54675.000,0.120,-0.384,0.343
54676.000,0.093,-0.344,0.385
54677.000,0.093,-0.324,0.375
54678.000,0.066,-0.364,0.417
54679.000,0.084,-0.324,0.396
54680.000,0.066,-0.354,0.407
54681.000,0.066,-0.384,0.364
54682.000,0.075,-0.344,0.364
54683.000,0.075,-0.344,0.375
54684.000,0.102,-0.384,0.332
54685.000,0.057,-0.344,0.385
54686.000,0.102,-0.364,0.396
54687.000,0.093,-0.324,0.407
54688.000,0.120,-0.344,0.417
54689.000,0.039,-0.314,0.375
54690.000,0.075,-0.334,0.385
54691.000,0.093,-0.304,0.428
54692.000,0.057,-0.354,0.332
54693.000,0.048,-0.354,0.396
54694.000,0.102,-0.324,0.375
54695.000,0.066,-0.344,0.375
54696.000,0.039,-0.274,0.343
54697.000,0.075,-0.354,0.385
54698.000,0.057,-0.364,0.396
54699.000,0.093,-0.354,0.343
54700.000,0.075,-0.334,0.396
54701.000,0.039,-0.314,0.385
54702.000,0.102,-0.334,0.375
54703.000,0.120,-0.294,0.396
54704.000,0.102,-0.284,0.417
54705.000,0.102,-0.354,0.375
54706.000,0.102,-0.364,0.396
54707.000,0.111,-0.324,0.396
54708.000,0.066,-0.344,0.407
54709.000,0.066,-0.294,0.364
54710.000,0.093,-0.284,0.354
54711.000,0.129,-0.284,0.364
54712.000,0.102,-0.354,0.343
54713.000,0.039,-0.314,0.375
54714.000,0.075,-0.304,0.385
54715.000,0.048,-0.334,0.407
54716.000,0.102,-0.294,0.364
54717.000,0.048,-0.364,0.396
54718.000,0.093,-0.324,0.354
54719.000,0.057,-0.334,0.417
54720.000,0.048,-0.334,0.438
54721.000,0.066,-0.384,0.375
54722.000,0.084,-0.304,0.375
54723.000,0.057,-0.324,0.364
54724.000,0.084,-0.374,0.428
54725.000,0.057,-0.314,0.343
54726.000,0.129,-0.334,0.385
54727.000,0.075,-0.304,0.343
54728.000,0.021,-0.334,0.364
54729.000,0.084,-0.334,0.385
54730.000,0.048,-0.384,0.375
54731.000,0.057,-0.374,0.396
54732.000,0.066,-0.334,0.364
54733.000,0.057,-0.354,0.354
54734.000,0.075,-0.384,0.354
54735.000,0.021,-0.304,0.375
54736.000,0.066,-0.414,0.375
54737.000,0.066,-0.334,0.343
54738.000,0.030,-0.344,0.385
54739.000,0.039,-0.324,0.375
54740.000,0.066,-0.344,0.385
54741.000,0.111,-0.334,0.375
54742.000,0.129,-0.344,0.375
54743.000,0.084,-0.304,0.375
54744.000,0.075,-0.374,0.396
54745.000,0.030,-0.304,0.375
54746.000,-0.015,-0.364,0.322
54747.000,0.084,-0.314,0.407
54748.000,0.057,-0.314,0.375
54749.000,0.021,-0.384,0.354
54750.000,0.048,-0.234,0.470
54751.000,0.084,-0.344,0.407
54752.000,0.084,-0.324,0.354
54753.000,0.048,-0.304,0.417
54754.000,0.093,-0.364,0.407
54755.000,0.129,-0.374,0.417
54756.000,0.057,-0.314,0.417
54757.000,0.093,-0.344,0.417
54758.000,0.129,-0.384,0.385
54759.000,0.057,-0.354,0.354
54760.000,0.111,-0.284,0.417
54761.000,0.075,-0.334,0.375
54762.000,0.075,-0.344,0.375
54763.000,0.066,-0.354,0.375
54764.000,0.075,-0.314,0.385
54765.000,0.039,-0.314,0.396
54766.000,0.084,-0.314,0.343
54767.000,0.093,-0.344,0.343
54768.000,0.075,-0.314,0.343
54769.000,0.075,-0.354,0.364
54770.000,0.129,-0.354,0.364
54771.000,0.138,-0.304,0.385
54772.000,0.084,-0.334,0.407
54773.000,0.075,-0.304,0.396
54774.000,0.039,-0.324,0.396
54775.000,0.039,-0.374,0.364
54776.000,0.075,-0.314,0.385
54777.000,0.111,-0.374,0.375
54778.000,0.039,-0.304,0.375
54779.000,0.102,-0.364,0.407
54780.000,0.093,-0.354,0.438
54781.000,0.102,-0.354,0.364
54782.000,0.057,-0.324,0.396
54783.000,0.138,-0.374,0.407
54784.000,0.138,-0.274,0.396
54785.000,0.057,-0.354,0.354
54786.000,0.093,-0.324,0.407
54787.000,0.075,-0.324,0.385
54788.000,0.111,-0.334,0.364
54789.000,0.066,-0.274,0.375
54790.000,0.111,-0.394,0.364
54791.000,0.084,-0.374,0.343
54792.000,0.048,-0.324,0.375
54793.000,0.057,-0.294,0.385
54794.000,0.102,-0.334,0.322
54795.000,0.093,-0.294,0.428
54796.000,0.102,-0.314,0.460
54797.000,0.102,-0.374,0.407
54798.000,0.075,-0.344,0.407
54799.000,0.075,-0.364,0.396
54800.000,0.102,-0.354,0.385
54801.000,0.039,-0.354,0.332
54802.000,0.066,-0.364,0.364
54803.000,0.102,-0.364,0.385
54804.000,0.111,-0.354,0.428
54805.000,0.048,-0.274,0.354
54806.000,0.111,-0.304,0.417
54807.000,0.102,-0.334,0.354
54808.000,0.084,-0.344,0.364
54809.000,0.093,-0.364,0.332
54810.000,0.084,-0.364,0.449
54811.000,0.093,-0.344,0.364
54812.000,0.084,-0.324,0.354
54813.000,0.057,-0.334,0.417
54814.000,0.075,-0.344,0.385
54815.000,0.075,-0.334,0.343
54816.000,0.111,-0.334,0.428
54817.000,0.129,-0.314,0.417
54818.000,0.120,-0.374,0.332
54819.000,0.102,-0.284,0.354
54820.000,0.102,-0.274,0.385
54821.000,0.084,-0.354,0.364
54822.000,0.102,-0.314,0.407
54823.000,0.057,-0.334,0.375
54824.000,0.057,-0.314,0.375
54825.000,0.102,-0.314,0.385
54826.000,0.111,-0.364,0.332
54827.000,0.084,-0.364,0.343
54828.000,0.111,-0.324,0.385
54829.000,0.084,-0.344,0.407
54830.000,0.030,-0.334,0.396
54831.000,0.057,-0.354,0.396
54832.000,0.039,-0.354,0.407
54833.000,0.066,-0.344,0.481
54834.000,0.039,-0.374,0.354
54835.000,0.075,-0.354,0.364
54836.000,0.102,-0.304,0.364
54837.000,0.093,-0.304,0.354
54838.000,0.084,-0.344,0.396
54839.000,0.093,-0.344,0.428
54840.000,0.084,-0.304,0.375
54841.000,0.066,-0.314,0.396
54842.000,0.093,-0.354,0.375
54843.000,0.111,-0.354,0.343
54844.000,0.021,-0.354,0.364
54845.000,0.066,-0.334,0.385
54846.000,0.057,-0.374,0.311
54847.000,0.084,-0.294,0.364
54848.000,0.093,-0.374,0.332
54849.000,0.111,-0.404,0.385
54850.000,0.003,-0.354,0.428
54851.000,0.039,-0.334,0.449
54852.000,0.066,-0.344,0.364
54853.000,0.066,-0.314,0.417
54854.000,0.057,-0.284,0.385
54855.000,0.066,-0.354,0.470
54856.000,0.048,-0.344,0.449
54857.000,0.075,-0.334,0.385
54858.000,0.066,-0.344,0.396
54859.000,0.057,-0.344,0.449
54860.000,0.048,-0.304,0.385
54861.000,0.048,-0.314,0.396
54862.000,0.039,-0.334,0.354
54863.000,0.003,-0.354,0.385
54864.000,-0.006,-0.314,0.375
54865.000,-0.033,-0.304,0.438
54866.000,0.039,-0.324,0.396
54867.000,0.039,-0.334,0.385
54868.000,0.057,-0.354,0.460
54869.000,-0.042,-0.304,0.438
54870.000,-0.042,-0.374,0.428
54871.000,0.030,-0.314,0.491
54872.000,0.003,-0.304,0.449
54873.000,0.003,-0.354,0.428
54874.000,0.030,-0.334,0.460
54875.000,-0.006,-0.324,0.449
54876.000,0.066,-0.274,0.438
54877.000,0.066,-0.324,0.417
54878.000,0.201,-0.274,0.523
54879.000,0.102,-0.254,0.576
54880.000,0.039,-0.195,0.544
54881.000,-0.051,-0.344,0.534
54882.000,-0.159,-0.304,0.502
54883.000,-0.257,-0.314,0.512
54884.000,-0.365,-0.294,0.544
54885.000,-0.446,-0.364,0.639
54886.000,-0.536,-0.334,0.639
54887.000,-0.563,-0.404,0.587
54888.000,-0.572,-0.334,0.523
54889.000,-0.608,-0.324,0.354
54890.000,-0.545,-0.015,0.428
54891.000,-0.599,-0.145,0.375
54892.000,-0.401,-0.314,0.385
54893.000,-0.365,-0.274,0.417
54894.000,-0.419,-0.244,0.428
54895.000,-0.446,-0.324,0.311
54896.000,-0.419,-0.334,0.375
54897.000,-0.401,-0.294,0.311
54898.000,-0.338,-0.304,0.364
54899.000,-0.392,-0.294,0.343
54900.000,-0.419,-0.304,0.301
54901.000,-0.455,-0.274,0.301
54902.000,-0.455,-0.205,0.343
54903.000,-0.536,-0.244,0.258
54904.000,-0.473,-0.274,0.248
54905.000,-0.509,-0.234,0.248
54906.000,-0.464,-0.274,0.269
54907.000,-0.455,-0.244,0.290
54908.000,-0.455,-0.294,0.280
54909.000,-0.410,-0.284,0.258
54910.000,-0.374,-0.334,0.205
54911.000,-0.356,-0.344,0.184
54912.000,-0.428,-0.274,0.237
54913.000,-0.365,-0.314,0.227
54914.000,-0.383,-0.234,0.237
54915.000,-0.455,-0.254,0.205
54916.000,-0.491,-0.254,0.174
54917.000,-0.446,-0.234,0.163
54918.000,-0.428,-0.205,0.152
54919.000,-0.410,-0.274,0.152
54920.000,-0.446,-0.324,0.216
54921.000,-0.383,-0.324,0.227
54922.000,-0.356,-0.354,0.237
54923.000,-0.329,-0.324,0.227
54924.000,-0.401,-0.195,0.216
54925.000,-0.392,-0.225,0.216
54926.000,-0.446,-0.244,0.174
54927.000,-0.401,-0.274,0.227
54928.000,-0.446,-0.264,0.205
54929.000,-0.428,-0.304,0.142
54930.000,-0.401,-0.254,0.216
54931.000,-0.410,-0.195,0.163
54932.000,-0.374,-0.254,0.227
54933.000,-0.392,-0.324,0.216
54934.000,-0.392,-0.254,0.195
54935.000,-0.455,-0.244,0.237
54936.000,-0.401,-0.254,0.163
54937.000,-0.410,-0.304,0.184
54938.000,-0.401,-0.274,0.205
54939.000,-0.410,-0.294,0.258
54940.000,-0.401,-0.215,0.195
54941.000,-0.428,-0.354,0.184
54942.000,-0.365,-0.254,0.216
54943.000,-0.347,-0.185,0.227
54944.000,-0.356,-0.264,0.216
54945.000,-0.329,-0.254,0.216
54946.000,-0.410,-0.324,0.216
54947.000,-0.392,-0.354,0.248
54948.000,-0.455,-0.294,0.195
54949.000,-0.365,-0.384,0.248
54950.000,-0.356,-0.314,0.280
54951.000,-0.365,-0.244,0.301
54952.000,-0.347,-0.125,0.290
54953.000,-0.365,-0.065,0.205
54954.000,-0.302,-0.075,0.205
54955.000,-0.194,-0.284,0.280
54956.000,-0.203,-0.274,0.385
54957.000,-0.257,-0.334,0.354
54958.000,-0.293,-0.334,0.311
54959.000,-0.212,-0.334,0.237
54960.000,-0.230,-0.234,0.311
54961.000,-0.194,-0.195,0.258
54962.000,-0.176,-0.274,0.258
54963.000,-0.167,-0.264,0.237
54964.000,-0.176,-0.324,0.237
54965.000,-0.212,-0.274,0.195
54966.000,-0.275,-0.314,0.195
54967.000,-0.257,-0.274,0.269
54968.000,-0.302,-0.304,0.269
54969.000,-0.257,-0.294,0.258
54970.000,-0.239,-0.324,0.343
54971.000,-0.311,-0.304,0.248
54972.000,-0.275,-0.304,0.237
54973.000,-0.311,-0.304,0.237
54974.000,-0.221,-0.274,0.322
54975.000,-0.150,-0.264,0.322
54976.000,-0.176,-0.284,0.269
54977.000,-0.185,-0.314,0.311
54978.000,-0.185,-0.264,0.311
54979.000,-0.167,-0.314,0.269
54980.000,-0.212,-0.324,0.258
54981.000,-0.203,-0.294,0.227
54982.000,-0.194,-0.254,0.322
54983.000,-0.230,-0.274,0.301
54984.000,-0.167,-0.234,0.248
54985.000,-0.159,-0.244,0.280
54986.000,-0.203,-0.274,0.216
54987.000,-0.203,-0.274,0.301
54988.000,-0.203,-0.284,0.290
54989.000,-0.212,-0.304,0.311
54990.000,-0.203,-0.225,0.301
54991.000,-0.185,-0.234,0.280
54992.000,-0.203,-0.304,0.280
54993.000,-0.221,-0.314,0.290
54994.000,-0.230,-0.304,0.301
54995.000,-0.230,-0.264,0.248
54996.000,-0.257,-0.264,0.227
54997.000,-0.185,-0.264,0.290
54998.000,-0.159,-0.274,0.322
54999.000,-0.239,-0.264,0.301
55000.000,-0.203,-0.264,0.248
55001.000,-0.194,-0.244,0.332
55002.000,-0.212,-0.304,0.301
55003.000,-0.221,-0.274,0.280
55004.000,-0.203,-0.165,0.205
55005.000,-0.150,-0.215,0.216
55006.000,-0.194,-0.195,0.174
55007.000,-0.159,-0.185,0.237
55008.000,-0.176,-0.234,0.290
55009.000,-0.150,-0.175,0.332
55010.000,-0.132,-0.195,0.269
55011.000,-0.194,-0.155,0.237
55012.000,-0.150,-0.155,0.195
55013.000,-0.105,-0.095,0.205
55014.000,-0.105,-0.115,0.121
55015.000,-0.114,-0.334,0.142
55016.000,-0.087,-0.424,0.078
55017.000,-0.212,-0.434,0.110
55018.000,-0.123,-0.504,0.100
55019.000,-0.203,-0.494,0.131
55020.000,-0.203,-0.514,0.174
55021.000,-0.203,-0.553,0.184
55022.000,-0.167,-0.504,0.163
55023.000,-0.176,-0.454,0.184
55024.000,-0.096,-0.364,0.089
55025.000,-0.069,-0.334,0.025
55026.000,-0.087,-0.294,-0.070
55027.000,-0.078,-0.354,-0.112
55028.000,-0.087,-0.274,-0.387
55029.000,0.030,-0.354,-0.345
55030.000,-0.015,-0.344,0.004
55031.000,-0.051,-0.254,0.258
55032.000,-0.024,-0.264,0.322
55033.000,-0.006,-0.205,0.332
55034.000,-0.051,-0.244,0.269
55035.000,-0.051,-0.234,0.269
55036.000,-0.078,-0.274,0.269
55037.000,-0.015,-0.284,0.100
55038.000,0.048,-0.314,0.015
55039.000,0.066,-0.284,0.078
55040.000,0.048,-0.324,0.121
55041.000,0.066,-0.294,0.174
55042.000,0.111,-0.354,0.100
55043.000,0.021,-0.344,0.036
55044.000,-0.078,-0.324,0.110
55045.000,-0.096,-0.354,0.100
55046.000,-0.123,-0.364,0.121
55047.000,-0.087,-0.294,0.047
55048.000,-0.060,-0.314,0.004
55049.000,-0.060,-0.244,0.004
55050.000,-0.105,-0.364,0.078
55051.000,-0.150,-0.294,0.100
55052.000,-0.123,-0.314,0.142
55053.000,-0.159,-0.314,0.152
55054.000,-0.150,-0.344,0.100
55055.000,-0.087,-0.334,0.152
55056.000,-0.060,-0.284,0.131
55057.000,-0.141,-0.344,0.078
55058.000,-0.123,-0.314,0.100
55059.000,-0.114,-0.334,0.110
55060.000,-0.105,-0.254,0.142
55061.000,-0.069,-0.234,0.078
55062.000,-0.087,-0.254,0.110
55063.000,-0.114,-0.215,0.089
55064.000,-0.132,-0.234,0.131
55065.000,-0.078,-0.234,0.131
55066.000,-0.150,-0.225,0.089
55067.000,-0.150,-0.264,0.152
55068.000,-0.114,-0.254,0.205
55069.000,-0.123,-0.304,0.110
55070.000,-0.114,-0.304,0.195
55071.000,-0.051,-0.284,0.174
55072.000,-0.150,-0.294,0.131
55073.000,-0.060,-0.314,0.184
55074.000,-0.078,-0.294,0.131
55075.000,-0.105,-0.205,0.089
55076.000,-0.051,-0.334,0.078
55077.000,-0.078,-0.314,0.152
55078.000,-0.159,-0.334,0.195
55079.000,-0.176,-0.344,0.163
55080.000,-0.114,-0.334,0.068
55081.000,-0.105,-0.314,0.078
55082.000,-0.123,-0.294,0.110
55083.000,-0.087,-0.234,0.142
55084.000,-0.078,-0.294,0.110
55085.000,-0.087,-0.284,0.047
55086.000,-0.123,-0.304,0.110
55087.000,-0.132,-0.294,0.163
55088.000,-0.150,-0.294,0.163
55089.000,-0.132,-0.334,0.174
55090.000,-0.096,-0.314,0.174
55091.000,-0.150,-0.304,0.184
55092.000,-0.078,-0.354,0.301
55093.000,-0.078,-0.344,0.205
55094.000,-0.087,-0.314,0.142
55095.000,-0.114,-0.294,0.195
55096.000,-0.096,-0.264,0.184
55097.000,-0.105,-0.314,0.152
55098.000,-0.150,-0.344,0.163
55099.000,-0.105,-0.324,0.237
55100.000,-0.105,-0.314,0.121
55101.000,-0.132,-0.274,0.152
55102.000,-0.096,-0.274,0.131
55103.000,-0.132,-0.264,0.110
55104.000,-0.132,-0.334,0.152
55105.000,-0.087,-0.274,0.131
55106.000,-0.123,-0.304,0.131
55107.000,-0.105,-0.324,0.078
55108.000,-0.105,-0.304,0.078
55109.000,-0.132,-0.264,0.121
55110.000,-0.132,-0.284,0.100
55111.000,-0.150,-0.254,0.131
55112.000,-0.185,-0.304,0.089
55113.000,-0.185,-0.225,0.174
55114.000,-0.078,-0.294,0.248
55115.000,-0.087,-0.324,0.121
55116.000,-0.096,-0.274,0.152
55117.000,-0.141,-0.334,0.163
55118.000,-0.141,-0.314,0.131
55119.000,-0.123,-0.324,0.100
55120.000,-0.150,-0.205,0.100
55121.000,-0.167,-0.254,0.089
55122.000,-0.114,-0.175,0.015
55123.000,-0.141,-0.185,-0.027
55124.000,-0.167,-0.205,-0.038
55125.000,-0.123,-0.274,-0.038
55126.000,-0.159,-0.304,-0.049
55127.000,-0.096,-0.404,0.004
55128.000,-0.123,-0.364,0.047
55129.000,-0.087,-0.334,-0.059
55130.000,-0.096,-0.294,-0.070
55131.000,-0.114,-0.324,-0.070
55132.000,-0.096,-0.354,0.004
55133.000,-0.167,-0.444,0.089
55134.000,-0.141,-0.394,0.068
55135.000,-0.051,-0.394,-0.186
55136.000,-0.123,-0.304,-0.207
55137.000,-0.159,-0.374,-0.102
55138.000,-0.203,-0.354,0.047
55139.000,-0.185,-0.334,-0.112
55140.000,-0.078,-0.304,-0.112
55141.000,-0.006,-0.155,-0.133
55142.000,0.048,-0.244,-0.218
55143.000,-0.015,-0.304,-0.313
55144.000,-0.015,-0.434,-0.176
55145.000,0.012,-0.364,-0.091
55146.000,-0.006,-0.314,-0.292
55147.000,-0.024,-0.274,-0.366
55148.000,-0.060,-0.254,-0.292
55149.000,-0.069,-0.175,-0.112
55150.000,-0.096,-0.334,0.015
55151.000,0.003,-0.344,-0.133
55152.000,0.057,-0.334,-0.186
55153.000,0.093,-0.234,-0.165
55154.000,0.174,-0.125,-0.133
55155.000,0.138,-0.234,-0.070
55156.000,0.192,-0.314,0.047
55157.000,0.192,-0.354,0.068
55158.000,0.120,-0.444,0.163
55159.000,0.156,-0.444,0.152
55160.000,0.174,-0.464,0.163
55161.000,0.147,-0.424,0.205
55162.000,0.174,-0.264,0.237
55163.000,0.156,-0.244,0.216
55164.000,0.075,-0.195,0.121
55165.000,-0.024,-0.304,0.216
55166.000,-0.114,-0.444,0.438
55167.000,-0.141,-0.593,0.512
55168.000,-0.212,-0.553,0.512
55169.000,-0.123,-0.474,0.597
55170.000,-0.114,-0.274,0.481
55171.000,-0.087,-0.195,0.470
55172.000,-0.042,-0.284,0.491
55173.000,-0.087,-0.424,0.438
55174.000,-0.078,-0.434,0.523
55175.000,-0.015,-0.444,0.565
55176.000,0.012,-0.404,0.629
55177.000,-0.024,-0.354,0.671
55178.000,0.039,-0.374,0.682
55179.000,0.012,-0.354,0.661
55180.000,-0.060,-0.464,0.724
55181.000,-0.051,-0.394,0.735
55182.000,-0.087,-0.284,0.872
55183.000,-0.060,-0.135,0.883
55184.000,-0.141,-0.234,0.872
55185.000,-0.266,-1.221,0.851
55186.000,-0.194,-0.444,1.074
55187.000,-0.365,-0.703,1.338
55188.000,-0.329,-0.553,1.529
55189.000,-0.302,-0.424,1.349
55190.000,-0.105,-0.075,0.788
55191.000,0.012,0.324,0.756
55192.000,-0.006,0.075,0.735
55193.000,0.048,-0.135,0.767
55194.000,0.039,-0.085,0.819
55195.000,0.003,-0.115,0.851
55196.000,0.030,-0.225,0.841
55197.000,-0.015,-0.374,0.819
55198.000,-0.042,-0.404,0.809
55199.000,0.003,-0.404,0.925
55200.000,-0.042,-0.344,0.915
55201.000,-0.060,-0.464,1.031
55202.000,-0.060,-0.494,1.021
55203.000,-0.114,-0.404,0.978
55204.000,-0.105,-0.454,0.978
55205.000,-0.087,-0.364,0.999
55206.000,-0.069,-0.344,1.010
55207.000,-0.078,-0.484,0.978
55208.000,-0.069,-0.454,0.999
55209.000,-0.042,-0.424,0.999
55210.000,-0.096,-0.274,1.010
55211.000,-0.087,-0.254,0.957
55212.000,-0.159,-0.274,0.872
55213.000,-0.248,-0.284,0.809
55214.000,-0.230,-0.254,0.777
55215.000,-0.275,-0.274,0.798
55216.000,-0.239,-0.334,0.735
55217.000,-0.105,-0.304,0.788
55218.000,-0.069,-0.384,0.745
55219.000,-0.024,-0.334,0.767
55220.000,-0.006,-0.374,0.819
55221.000,0.012,-0.364,0.798
55222.000,0.030,-0.364,0.798
55223.000,0.012,-0.334,0.830
55224.000,-0.051,-0.354,0.851
55225.000,-0.024,-0.264,0.883
55226.000,0.030,-0.234,0.894
55227.000,-0.006,-0.364,0.904
55228.000,0.003,-0.334,0.915
55229.000,-0.105,-0.324,0.989
55230.000,-0.069,-0.414,0.978
55231.000,-0.033,-0.344,0.915
55232.000,-0.167,-0.394,0.925
55233.000,-0.185,-0.364,0.809
55234.000,-0.176,-0.394,0.777
55235.000,-0.230,-0.414,0.767
55236.000,-0.230,-0.394,0.777
55237.000,-0.203,-0.374,0.756
55238.000,-0.141,-0.424,0.798
55239.000,-0.087,-0.414,0.851
55240.000,-0.078,-0.414,0.819
55241.000,-0.060,-0.334,0.767
55242.000,-0.087,-0.304,0.788
55243.000,0.003,-0.344,0.745
55244.000,0.030,-0.324,0.809
55245.000,0.039,-0.294,0.798
55246.000,0.003,-0.294,0.798
55247.000,0.048,-0.324,0.777
55248.000,-0.096,-0.274,0.735
55249.000,-0.132,-0.334,0.756
55250.000,-0.087,-0.454,0.798
55251.000,-0.087,-0.394,0.809
55252.000,-0.087,-0.364,0.809
55253.000,-0.078,-0.344,0.809
55254.000,-0.060,-0.334,0.809
55255.000,-0.096,-0.254,0.788
55256.000,-0.078,-0.324,0.714
55257.000,-0.105,-0.334,0.756
55258.000,-0.033,-0.344,0.650
55259.000,-0.087,-0.304,0.661
55260.000,-0.078,-0.274,0.650
55261.000,-0.087,-0.274,0.639
55262.000,-0.051,-0.234,0.639
55263.000,-0.060,-0.294,0.629
55264.000,-0.024,-0.195,0.671
55265.000,-0.024,-0.304,0.692
55266.000,-0.015,-0.314,0.714
55267.000,-0.015,-0.364,0.692
55268.000,-0.015,-0.364,0.703
55269.000,-0.078,-0.374,0.692
55270.000,-0.069,-0.414,0.639
55271.000,-0.105,-0.454,0.714
55272.000,-0.132,-0.484,0.682
55273.000,-0.114,-0.444,0.692
55274.000,-0.087,-0.514,0.671
55275.000,-0.105,-0.603,0.661
55276.000,-0.060,-0.334,0.756
55277.000,-0.096,-0.314,0.724
55278.000,-0.069,-0.294,0.767
55279.000,-0.159,-0.254,0.756
55280.000,-0.123,-0.264,0.703
55281.000,-0.150,-0.324,0.692
55282.000,-0.123,-0.344,0.714
55283.000,-0.132,-0.334,0.661
55284.000,-0.123,-0.274,0.703
55285.000,-0.123,-0.284,0.682
55286.000,-0.105,-0.274,0.618
55287.000,-0.123,-0.264,0.597
55288.000,-0.132,-0.195,0.555
55289.000,-0.096,-0.205,0.544
55290.000,-0.123,-0.304,0.565
55291.000,-0.033,-0.294,0.534
55292.000,-0.024,-0.304,0.534
55293.000,-0.060,-0.324,0.587
55294.000,-0.024,-0.414,0.597
55295.000,-0.060,-0.384,0.639
55296.000,-0.060,-0.354,0.576
55297.000,-0.042,-0.364,0.629
55298.000,-0.069,-0.344,0.639
55299.000,-0.114,-0.364,0.671
55300.000,-0.105,-0.374,0.735
55301.000,-0.167,-0.354,0.714
55302.000,-0.132,-0.374,0.714
55303.000,-0.176,-0.314,0.650
55304.000,-0.176,-0.294,0.714
55305.000,-0.176,-0.324,0.682
55306.000,-0.096,-0.314,0.671
55307.000,-0.096,-0.254,0.639
55308.000,-0.060,-0.344,0.639
55309.000,-0.078,-0.334,0.650
55310.000,-0.114,-0.334,0.618
55311.000,-0.015,-0.324,0.639
55312.000,-0.078,-0.304,0.618
55313.000,-0.051,-0.234,0.639
55314.000,-0.060,-0.314,0.661
55315.000,-0.105,-0.334,0.650
55316.000,-0.087,-0.334,0.671
55317.000,-0.114,-0.294,0.714
55318.000,-0.105,-0.324,0.714
55319.000,-0.105,-0.324,0.714
55320.000,-0.114,-0.244,0.767
55321.000,-0.141,-0.264,0.745
55322.000,-0.167,-0.314,0.745
55323.000,-0.087,-0.274,0.767
55324.000,-0.105,-0.314,0.788
55325.000,-0.132,-0.284,0.788
55326.000,-0.096,-0.334,0.756
55327.000,-0.123,-0.374,0.756
55328.000,-0.132,-0.344,0.745
55329.000,-0.159,-0.304,0.703
55330.000,-0.132,-0.294,0.724
55331.000,-0.150,-0.364,0.714
55332.000,-0.105,-0.334,0.682
55333.000,-0.159,-0.294,0.703
55334.000,-0.132,-0.334,0.724
55335.000,-0.114,-0.304,0.671
55336.000,-0.078,-0.354,0.661
55337.000,-0.105,-0.304,0.661
55338.000,-0.123,-0.304,0.692
55339.000,-0.194,-0.314,0.682
55340.000,-0.159,-0.284,0.671
55341.000,-0.132,-0.304,0.692
55342.000,-0.132,-0.354,0.767
55343.000,-0.132,-0.274,0.703
55344.000,-0.123,-0.344,0.703
55345.000,-0.150,-0.334,0.714
55346.000,-0.132,-0.324,0.714
55347.000,-0.167,-0.304,0.809
55348.000,-0.114,-0.344,0.767
55349.000,-0.114,-0.294,0.692
55350.000,-0.132,-0.294,0.703
55351.000,-0.176,-0.234,0.703
55352.000,-0.114,-0.284,0.650
55353.000,-0.123,-0.264,0.661
55354.000,-0.141,-0.314,0.650
55355.000,-0.150,-0.314,0.692
55356.000,-0.141,-0.284,0.671
55357.000,-0.141,-0.254,0.650
55358.000,-0.176,-0.274,0.661
55359.000,-0.141,-0.324,0.703
55360.000,-0.185,-0.334,0.671
55361.000,-0.185,-0.294,0.639
55362.000,-0.176,-0.344,0.714
55363.000,-0.176,-0.314,0.682
55364.000,-0.123,-0.334,0.682
55365.000,-0.114,-0.274,0.671
55366.000,-0.132,-0.274,0.703
55367.000,-0.150,-0.304,0.661
55368.000,-0.167,-0.314,0.692
55369.000,-0.185,-0.354,0.661
55370.000,-0.150,-0.274,0.565
55371.000,-0.185,-0.264,0.671
55372.000,-0.203,-0.334,0.682
55373.000,-0.185,-0.324,0.608
55374.000,-0.150,-0.354,0.587
55375.000,-0.176,-0.334,0.587
55376.000,-0.141,-0.314,0.587
55377.000,-0.132,-0.324,0.587
55378.000,-0.087,-0.344,0.576
55379.000,-0.132,-0.304,0.639
55380.000,-0.167,-0.324,0.565
55381.000,-0.150,-0.324,0.629
55382.000,-0.185,-0.314,0.629
55383.000,-0.176,-0.324,0.608
55384.000,-0.167,-0.284,0.629
55385.000,-0.141,-0.314,0.587
55386.000,-0.150,-0.314,0.629
55387.000,-0.176,-0.234,0.661
55388.000,-0.212,-0.294,0.682
55389.000,-0.194,-0.264,0.639
55390.000,-0.167,-0.294,0.661
55391.000,-0.185,-0.284,0.650
55392.000,-0.194,-0.264,0.682
55393.000,-0.185,-0.344,0.650
55394.000,-0.194,-0.314,0.587
55395.000,-0.105,-0.314,0.587
55396.000,-0.141,-0.274,0.639
55397.000,-0.141,-0.334,0.597
55398.000,-0.114,-0.364,0.587
55399.000,-0.123,-0.314,0.639
55400.000,-0.150,-0.334,0.682
55401.000,-0.051,-0.324,0.682
55402.000,-0.185,-0.334,0.671
55403.000,-0.176,-0.354,0.650
55404.000,-0.167,-0.304,0.714
55405.000,-0.132,-0.284,0.703
55406.000,-0.185,-0.284,0.724
55407.000,-0.159,-0.314,0.724
55408.000,-0.185,-0.334,0.661
55409.000,-0.212,-0.264,0.629
55410.000,-0.132,-0.264,0.703
55411.000,-0.150,-0.264,0.724
55412.000,-0.150,-0.314,0.650
55413.000,-0.123,-0.314,0.639
55414.000,-0.132,-0.284,0.618
55415.000,-0.159,-0.304,0.639
55416.000,-0.087,-0.274,0.587
55417.000,-0.114,-0.274,0.597
55418.000,-0.132,-0.294,0.555
55419.000,-0.105,-0.175,0.639
55420.000,-0.159,-0.344,0.534
55421.000,-0.141,-0.304,0.534
55422.000,-0.141,-0.205,0.597
55423.000,-0.132,-0.225,0.565
55424.000,-0.167,-0.294,0.587
55425.000,-0.212,-0.314,0.597
55426.000,-0.159,-0.244,0.587
55427.000,-0.159,-0.344,0.555
55428.000,-0.221,-0.314,0.565
55429.000,-0.185,-0.274,0.618
55430.000,-0.266,-0.234,0.618
55431.000,-0.221,-0.234,0.629
55432.000,-0.167,-0.234,0.597
55433.000,-0.096,-0.284,0.639
55434.000,-0.105,-0.394,0.555
55435.000,-0.024,-0.394,0.618
55436.000,0.021,-0.384,0.587
55437.000,0.066,-0.334,0.544
55438.000,-0.006,-0.324,0.460
55439.000,0.057,-0.364,0.428
55440.000,0.048,-0.344,0.343
55441.000,0.075,-0.364,0.354
55442.000,0.066,-0.354,0.311
55443.000,-0.006,-0.334,0.301
55444.000,-0.024,-0.434,0.290
55445.000,-0.033,-0.404,0.322
55446.000,0.003,-0.314,0.375
55447.000,-0.042,-0.324,0.438
55448.000,-0.123,-0.344,0.449
55449.000,-0.078,-0.334,0.470
55450.000,-0.069,-0.344,0.470
55451.000,-0.123,-0.304,0.470
55452.000,-0.105,-0.374,0.534
55453.000,-0.096,-0.344,0.523
55454.000,-0.033,-0.314,0.502
55455.000,-0.078,-0.284,0.544
55456.000,-0.060,-0.234,0.502
55457.000,-0.060,-0.254,0.428
55458.000,-0.069,-0.284,0.375
55459.000,-0.060,-0.294,0.354
55460.000,-0.006,-0.364,0.428
55461.000,-0.015,-0.344,0.343
55462.000,-0.051,-0.304,0.428
55463.000,0.039,-0.294,0.428
55464.000,-0.006,-0.284,0.385
55465.000,-0.024,-0.384,0.407
55466.000,-0.006,-0.404,0.407
55467.000,0.030,-0.364,0.470
55468.000,-0.006,-0.334,0.460
55469.000,0.003,-0.424,0.512
55470.000,-0.024,-0.464,0.481
55471.000,-0.069,-0.314,0.587
55472.000,-0.087,-0.314,0.502
55473.000,-0.024,-0.284,0.544
55474.000,-0.060,-0.284,0.544
55475.000,-0.033,-0.254,0.544
55476.000,-0.105,-0.314,0.481
55477.000,-0.096,-0.234,0.470
55478.000,-0.087,-0.225,0.449
55479.000,-0.069,-0.284,0.428
55480.000,-0.096,-0.254,0.396
55481.000,-0.132,-0.344,0.438
55482.000,-0.042,-0.314,0.449
55483.000,-0.006,-0.244,0.491
55484.000,0.021,-0.254,0.534
55485.000,0.012,-0.205,0.555
55486.000,-0.006,-0.274,0.534
55487.000,0.012,-0.334,0.639
55488.000,-0.024,-0.384,0.608
55489.000,-0.024,-0.284,0.639
55490.000,-0.006,-0.215,0.639
55491.000,0.030,-0.244,0.661
55492.000,0.048,-0.294,0.639
55493.000,0.066,-0.374,0.608
55494.000,0.030,-0.324,0.682
55495.000,-0.105,-0.324,0.597
55496.000,-0.015,-0.344,0.576
55497.000,-0.114,-0.364,0.661
55498.000,-0.114,-0.384,0.682
55499.000,-0.132,-0.344,0.629
55500.000,-0.105,-0.374,0.682
55501.000,-0.087,-0.364,0.692
55502.000,-0.060,-0.284,0.639
55503.000,-0.087,-0.304,0.639
55504.000,-0.024,-0.284,0.639
55505.000,-0.015,-0.374,0.608
55506.000,0.012,-0.334,0.587
55507.000,0.012,-0.354,0.639
55508.000,-0.087,-0.294,0.608
55509.000,-0.096,-0.284,0.618
55510.000,-0.132,-0.294,0.565
55511.000,-0.141,-0.324,0.597
55512.000,-0.141,-0.294,0.576
55513.000,-0.132,-0.274,0.576
55514.000,-0.176,-0.284,0.544
55515.000,-0.132,-0.294,0.565
55516.000,-0.150,-0.324,0.587
55517.000,-0.105,-0.334,0.576
55518.000,-0.167,-0.364,0.587
55519.000,-0.159,-0.354,0.555
55520.000,-0.176,-0.374,0.608
55521.000,-0.221,-0.274,0.597
55522.000,-0.212,-0.314,0.629
55523.000,-0.212,-0.334,0.587
55524.000,-0.248,-0.304,0.587
55525.000,-0.167,-0.274,0.597
55526.000,-0.248,-0.344,0.650
55527.000,-0.150,-0.364,0.629
55528.000,-0.132,-0.374,0.639
55529.000,-0.167,-0.344,0.608
55530.000,-0.132,-0.304,0.597
55531.000,-0.114,-0.254,0.576
55532.000,-0.105,-0.324,0.597
55533.000,-0.096,-0.284,0.544
55534.000,-0.150,-0.314,0.576
55535.000,-0.194,-0.294,0.544
55536.000,-0.221,-0.334,0.639
55537.000,-0.132,-0.274,0.576
55538.000,-0.159,-0.394,0.587
55539.000,-0.132,-0.314,0.597
55540.000,-0.114,-0.324,0.639
55541.000,-0.123,-0.294,0.639
55542.000,-0.167,-0.274,0.671
55543.000,-0.159,-0.334,0.608
55544.000,-0.185,-0.314,0.629
55545.000,-0.167,-0.274,0.618
55546.000,-0.176,-0.304,0.597
55547.000,-0.275,-0.284,0.639
55548.000,-0.212,-0.254,0.608
55549.000,-0.096,-0.294,0.565
55550.000,-0.150,-0.374,0.629
55551.000,-0.132,-0.334,0.565
55552.000,-0.114,-0.274,0.587
55553.000,-0.114,-0.304,0.639
55554.000,-0.167,-0.314,0.650
55555.000,-0.185,-0.264,0.639
55556.000,-0.212,-0.304,0.682
55557.000,-0.176,-0.394,0.703
55558.000,-0.114,-0.314,0.745
55559.000,-0.167,-0.274,0.724
55560.000,-0.194,-0.234,0.724
55561.000,-0.159,-0.274,0.661
55562.000,-0.078,-0.274,0.671
55563.000,-0.150,-0.344,0.703
55564.000,-0.167,-0.324,0.587
55565.000,-0.159,-0.254,0.682
55566.000,-0.141,-0.294,0.661
55567.000,-0.141,-0.314,0.608
55568.000,-0.141,-0.284,0.587
55569.000,-0.185,-0.334,0.576
55570.000,-0.221,-0.294,0.639
55571.000,-0.194,-0.244,0.671
55572.000,-0.176,-0.274,0.650
55573.000,-0.150,-0.304,0.714
55574.000,-0.167,-0.234,0.724
55575.000,-0.176,-0.314,0.703
55576.000,-0.167,-0.274,0.703
55577.000,-0.132,-0.294,0.703
55578.000,-0.105,-0.334,0.714
55579.000,-0.150,-0.334,0.788
55580.000,-0.203,-0.294,0.671
55581.000,-0.159,-0.324,0.692
55582.000,-0.221,-0.274,0.724
55583.000,-0.176,-0.314,0.735
55584.000,-0.203,-0.274,0.735
55585.000,-0.176,-0.254,0.661
55586.000,-0.150,-0.314,0.703
55587.000,-0.141,-0.254,0.618
55588.000,-0.150,-0.304,0.555
55589.000,-0.176,-0.334,0.650
55590.000,-0.159,-0.324,0.608
55591.000,-0.150,-0.314,0.618
55592.000,-0.167,-0.314,0.692
55593.000,-0.150,-0.254,0.682
55594.000,-0.150,-0.254,0.682
55595.000,-0.185,-0.374,0.682
55596.000,-0.176,-0.334,0.682
55597.000,-0.185,-0.314,0.724
55598.000,-0.185,-0.264,0.798
55599.000,-0.185,-0.364,0.756
55600.000,-0.114,-0.324,0.682
55601.000,-0.185,-0.324,0.682
55602.000,-0.159,-0.314,0.703
55603.000,-0.176,-0.304,0.714
55604.000,-0.150,-0.354,0.671
55605.000,-0.221,-0.274,0.671
55606.000,-0.185,-0.364,0.639
55607.000,-0.159,-0.284,0.639
55608.000,-0.132,-0.334,0.629
55609.000,-0.150,-0.374,0.703
55610.000,-0.123,-0.334,0.682
55611.000,-0.203,-0.354,0.703
55612.000,-0.194,-0.264,0.714
55613.000,-0.212,-0.374,0.714
55614.000,-0.221,-0.274,0.724
55615.000,-0.167,-0.284,0.703
55616.000,-0.194,-0.274,0.682
55617.000,-0.150,-0.324,0.671
55618.000,-0.159,-0.294,0.639
55619.000,-0.150,-0.314,0.639
55620.000,-0.221,-0.314,0.639
55621.000,-0.141,-0.294,0.650
55622.000,-0.141,-0.304,0.618
55623.000,-0.150,-0.294,0.587
55624.000,-0.132,-0.264,0.576
55625.000,-0.194,-0.354,0.608
55626.000,-0.167,-0.334,0.661
55627.000,-0.167,-0.344,0.650
55628.000,-0.087,-0.284,0.661
55629.000,-0.114,-0.314,0.703
55630.000,-0.194,-0.244,0.692
55631.000,-0.194,-0.284,0.608
55632.000,-0.239,-0.324,0.661
55633.000,-0.167,-0.314,0.608
55634.000,-0.159,-0.324,0.650
55635.000,-0.167,-0.254,0.618
55636.000,-0.176,-0.274,0.671
55637.000,-0.203,-0.284,0.608
55638.000,-0.194,-0.314,0.555
55639.000,-0.123,-0.334,0.587
55640.000,-0.185,-0.314,0.682
55641.000,-0.150,-0.354,0.576
55642.000,-0.078,-0.274,0.639
55643.000,-0.123,-0.254,0.671
55644.000,-0.123,-0.294,0.639
55645.000,-0.176,-0.225,0.650
55646.000,-0.167,-0.215,0.639
55647.000,-0.212,-0.324,0.714
55648.000,-0.239,-0.334,0.671
55649.000,-0.239,-0.314,0.671
55650.000,-0.203,-0.284,0.692
55651.000,-0.123,-0.274,0.671
55652.000,-0.185,-0.274,0.703
55653.000,-0.141,-0.254,0.650
55654.000,-0.105,-0.254,0.629
55655.000,-0.123,-0.264,0.639
55656.000,-0.114,-0.284,0.650
55657.000,-0.150,-0.234,0.565
55658.000,-0.078,-0.165,0.597
55659.000,-0.123,-0.055,0.597
55660.000,-0.176,0.005,0.576
55661.000,-0.141,-0.125,0.544
55662.000,-0.150,-0.244,0.470
55663.000,-0.185,-0.334,0.523
55664.000,-0.167,-0.454,0.523
55665.000,-0.203,-0.494,0.470
55666.000,-0.167,-0.563,0.491
55667.000,-0.123,-0.474,0.523
55668.000,-0.167,-0.424,0.661
55669.000,-0.141,-0.314,0.618
55670.000,-0.078,-0.294,0.671
55671.000,-0.167,-0.334,0.703
55672.000,-0.150,-0.444,0.703
55673.000,-0.132,-0.314,0.745
55674.000,-0.167,-0.324,0.703
55675.000,-0.185,-0.254,0.682
55676.000,-0.194,-0.234,0.756
55677.000,-0.221,-0.274,0.671
55678.000,-0.194,-0.324,0.608
55679.000,-0.248,-0.504,0.639
55680.000,-0.230,-0.434,0.555
55681.000,-0.275,-0.424,0.576
55682.000,-0.293,-0.344,0.565
55683.000,-0.230,-0.354,0.661
55684.000,-0.239,-0.344,0.724
55685.000,-0.230,-0.195,0.735
55686.000,-0.221,-0.225,0.809
55687.000,-0.293,-0.314,0.788
55688.000,-0.221,-0.314,0.819
55689.000,-0.230,-0.384,0.798
55690.000,-0.167,-0.504,0.767
55691.000,-0.150,-0.504,0.777
55692.000,-0.194,-0.474,0.798
55693.000,-0.176,-0.534,0.809
55694.000,-0.087,-0.454,0.798
55695.000,-0.078,-0.284,0.798
55696.000,-0.078,-0.115,0.809
55697.000,-0.141,-0.115,0.671
55698.000,-0.194,-0.055,0.618
55699.000,-0.132,0.094,0.428
55700.000,-0.185,0.164,0.417
55701.000,-0.257,-0.045,0.322
55702.000,-0.320,-0.115,0.174
55703.000,-0.338,-0.225,-0.006
55704.000,-0.221,-0.374,-0.017
55705.000,-0.069,-0.424,-0.006
55706.000,-0.042,-0.394,0.057
55707.000,-0.015,-0.514,0.121
55708.000,0.012,-0.613,0.216
55709.000,0.030,-0.623,0.396
55710.000,0.039,-0.514,0.417
55711.000,0.102,-0.324,0.534
55712.000,0.066,-0.364,0.470
55713.000,0.066,-0.484,0.470
55714.000,0.003,-0.524,0.428
55715.000,0.084,-0.504,0.407
55716.000,0.003,-0.394,0.407
55717.000,0.021,-0.464,0.407
55718.000,0.021,-0.234,0.460
55719.000,0.057,0.045,0.396
55720.000,0.030,0.035,0.470
55721.000,-0.033,-0.254,0.491
55722.000,-0.069,-0.334,0.587
55723.000,-0.060,-0.205,0.703
55724.000,-0.024,0.005,0.851
55725.000,-0.060,-0.055,0.819
55726.000,-0.051,-0.175,0.872
55727.000,-0.096,-0.254,0.946
55728.000,-0.006,-0.095,1.021
55729.000,0.003,0.015,1.021
55730.000,0.003,-0.165,0.968
55731.000,0.012,-0.085,0.978
55732.000,0.048,0.493,1.158
55733.000,0.120,0.563,1.222
55734.000,0.102,0.583,1.148
55735.000,0.129,0.782,1.222
55736.000,0.183,1.161,1.275
55737.000,0.147,0.792,1.190
55738.000,0.165,0.533,1.169
55739.000,0.102,0.633,1.190
55740.000,0.039,0.394,1.190
55741.000,0.057,0.264,1.148
55742.000,0.021,0.364,1.232
55743.000,0.066,0.284,1.148
55744.000,-0.015,0.124,1.201
55745.000,-0.087,-0.115,1.074
55746.000,-0.033,-0.205,1.074
55747.000,-0.015,-0.125,1.126
55748.000,-0.060,-0.075,1.126
55749.000,-0.060,-0.344,1.063
55750.000,-0.096,-0.434,0.968
55751.000,-0.105,-0.524,1.031
55752.000,-0.105,-0.603,0.989
55753.000,-0.096,-0.394,0.989
55754.000,-0.096,-0.364,0.968
55755.000,-0.096,-0.354,0.904
55756.000,-0.096,-0.324,0.862
55757.000,-0.176,-0.583,0.777
55758.000,-0.185,-1.002,0.714
55759.000,-0.230,-1.042,0.692
55760.000,-0.266,-0.942,0.692
55761.000,-0.266,-0.942,0.692
55762.000,-0.293,-0.902,0.682
55763.000,-0.266,-0.962,0.703
55764.000,-0.293,-0.882,0.703
55765.000,-0.266,-0.882,0.639
55766.000,-0.320,-0.912,0.587
55767.000,-0.347,-1.032,0.544
55768.000,-0.338,-1.052,0.534
55769.000,-0.320,-1.291,0.428
55770.000,-0.275,-1.371,0.428
55771.000,-0.132,-1.550,0.417
55772.000,-0.105,-1.231,0.417
55773.000,-0.033,-1.022,0.460
55774.000,0.129,-0.544,0.523
55775.000,0.246,-0.145,0.470
55776.000,0.290,0.244,0.555
55777.000,0.165,0.114,0.597
55778.000,0.120,0.085,0.767
55779.000,-0.042,-0.205,0.851
55780.000,0.093,0.653,1.148
55781.000,0.183,1.420,1.222
55782.000,0.255,1.440,1.137
55783.000,0.057,0.583,1.137
55784.000,-0.069,0.154,1.074
55785.000,-0.167,-0.613,0.957
55786.000,-0.123,-0.783,0.925
55787.000,-0.132,-1.032,0.883
55788.000,-0.212,-1.172,0.894
55789.000,-0.239,-1.660,0.788
55790.000,-0.194,-1.401,0.745
55791.000,-0.114,-0.783,0.915
55792.000,-0.123,-0.793,0.851
55793.000,-0.185,-0.374,0.639
55794.000,-0.132,0.334,0.767
55795.000,-0.078,0.234,0.798
55796.000,-0.078,0.543,0.809
55797.000,0.021,0.703,0.724
55798.000,0.102,0.065,0.777
55799.000,0.120,-0.105,0.756
55800.000,0.084,-0.334,0.745
55801.000,0.129,-0.424,0.777
55802.000,0.156,0.085,0.894
55803.000,0.210,0.144,0.915
55804.000,0.102,-0.234,0.851
55805.000,0.030,-0.404,0.788
55806.000,0.012,-0.424,0.830
55807.000,-0.015,-0.504,0.819
55808.000,-0.078,-0.723,0.692
55809.000,-0.069,-0.683,0.671
55810.000,-0.159,-0.504,0.576
55811.000,-0.284,-0.334,0.449
55812.000,-0.428,-0.244,0.269
55813.000,-0.608,-0.284,0.036
55814.000,-0.617,-0.384,-0.049
55815.000,-0.482,-0.454,-0.038
55816.000,-0.428,-0.474,0.142
55817.000,-0.356,-0.314,0.205
55818.000,-0.203,0.114,0.354
55819.000,-0.150,0.613,0.512
55820.000,0.012,1.081,0.777
55821.000,-0.069,0.264,0.735
55822.000,-0.042,-0.095,0.777
55823.000,0.093,0.364,1.052
55824.000,0.084,0.234,1.105
55825.000,0.048,-0.115,0.989
55826.000,0.084,0.134,1.063
55827.000,0.057,0.294,1.158
55828.000,0.057,0.244,1.105
55829.000,0.048,0.114,1.116
55830.000,0.030,0.045,1.074
55831.000,-0.024,0.035,1.074
55832.000,0.003,-0.244,1.031
55833.000,-0.051,-0.364,0.925
55834.000,-0.051,-0.374,0.862
55835.000,0.012,-0.314,0.682
55836.000,-0.024,-0.404,0.682
55837.000,-0.078,-0.633,0.534
55838.000,-0.033,-0.673,0.385
55839.000,-0.132,-0.683,0.163
55840.000,-0.266,-0.553,0.227
55841.000,-0.311,-0.593,0.322
55842.000,-0.347,-0.464,0.502
55843.000,-0.275,-0.145,0.565
55844.000,-0.275,0.025,0.639
55845.000,-0.230,-0.075,0.639
55846.000,-0.194,-0.125,0.841
55847.000,-0.509,-0.155,0.788
55848.000,-0.239,-0.045,0.904
55849.000,-0.266,-0.075,0.968
55850.000,-0.132,-0.334,0.968
55851.000,-0.060,-0.294,0.936
55852.000,-0.051,-0.035,0.978
55853.000,-0.141,-0.075,0.862
55854.000,-0.194,-0.175,0.767
55855.000,-0.266,-0.205,0.618
55856.000,-0.329,-0.175,0.502
55857.000,-0.419,-0.065,0.237
55858.000,-0.248,-0.254,0.142
55859.000,-0.096,-0.713,0.163
55860.000,-0.015,-0.553,0.332
55861.000,0.120,-0.125,0.565
55862.000,0.183,0.324,0.777
55863.000,0.174,0.274,0.851
55864.000,0.084,-0.195,0.809
55865.000,-0.015,-0.414,0.809
55866.000,0.066,-0.234,0.936
55867.000,0.057,-0.075,0.925
55868.000,0.048,0.085,0.925
55869.000,0.030,-0.234,0.841
55870.000,0.039,-0.374,0.798
55871.000,-0.078,-0.454,0.618
55872.000,-0.015,-0.354,0.534
55873.000,-0.024,-0.733,0.237
55874.000,-0.212,-0.703,0.174
55875.000,-0.257,-0.833,0.301
55876.000,-0.266,-0.863,0.491
55877.000,-0.150,-0.484,0.671
55878.000,-0.024,-0.105,0.872
55879.000,-0.096,-0.075,0.968
55880.000,-0.060,0.065,1.095
55881.000,-0.060,0.154,1.021
55882.000,-0.185,0.094,1.010
55883.000,-0.275,0.384,0.894
55884.000,-0.554,0.364,0.661
55885.000,-0.724,0.394,0.491
55886.000,-0.751,0.304,0.280
55887.000,-0.787,0.324,0.047
55888.000,-0.760,0.204,-0.112
55889.000,-0.760,0.025,-0.334
55890.000,-0.688,0.094,-0.176
55891.000,-0.527,-0.055,0.015
55892.000,-0.365,-0.085,0.174
55893.000,-0.383,-0.165,0.280
55894.000,-0.311,-0.484,0.343
55895.000,-0.374,-0.344,0.587
55896.000,-0.356,-0.005,0.682
55897.000,-0.302,0.184,0.777
55898.000,-0.401,-0.145,0.629
55899.000,-0.356,-0.304,0.629
55900.000,-0.392,-0.454,0.576
55901.000,-0.293,-0.215,0.534
55902.000,-0.150,-0.125,0.354
55903.000,-0.105,-0.294,0.375
55904.000,2.895,-1.510,0.841
55905.000,3.056,-0.932,1.095
55906.000,1.054,-0.374,0.576
55907.000,-0.284,0.015,0.047
55908.000,-0.823,0.085,-0.049
55909.000,-0.895,-0.195,-0.239
55910.000,-0.886,-0.135,-0.165
55911.000,-0.760,0.174,0.078
55912.000,0.650,-0.055,0.724
55913.000,0.802,0.284,0.555
55914.000,0.434,0.025,0.481
55915.000,-0.024,-0.274,0.227
55916.000,0.246,-0.793,-0.112
55917.000,0.461,-0.484,0.110
55918.000,0.362,-0.264,0.438
55919.000,0.362,-0.015,0.565
55920.000,0.228,0.045,0.227
55921.000,-0.006,-0.195,0.216
55922.000,0.192,-0.424,0.597
55923.000,1.045,-0.912,0.819
55924.000,1.242,-1.092,1.063
55925.000,0.964,-1.461,0.682
55926.000,0.641,-0.663,0.131
55927.000,0.192,0.214,-0.070
55928.000,-0.042,-0.015,-0.133
55929.000,0.039,-0.025,0.089
55930.000,0.246,-0.414,0.036
55931.000,0.237,-0.414,0.047
55932.000,0.317,-0.394,0.131
55933.000,0.542,-0.374,0.470
55934.000,0.344,-0.234,0.682
55935.000,0.317,-0.444,1.095
55936.000,0.093,-0.324,0.809
55937.000,0.021,-0.484,0.407
55938.000,0.093,-0.494,0.184
55939.000,0.192,-0.553,0.121
55940.000,0.201,0.015,0.036
55941.000,0.084,-0.494,0.142
55942.000,0.012,-0.643,0.332
55943.000,0.084,-0.424,0.597
55944.000,0.183,-0.215,0.872
55945.000,0.290,0.065,1.063
55946.000,0.174,-0.015,0.989
55947.000,4.834,-1.650,-0.303
55948.000,4.287,0.354,0.057
55949.000,3.981,-3.225,-1.584
55950.000,4.314,-3.235,1.963
55951.000,0.506,-0.055,2.905
55952.000,-1.964,2.527,-0.610
55953.000,-1.766,1.470,-2.918
55954.000,1.368,2.427,-2.251
55955.000,0.686,-2.318,1.010
55956.000,1.907,-1.610,1.232
55957.000,1.431,-1.530,0.841
55958.000,0.596,-1.271,0.639
55959.000,0.192,-1.092,0.851
55960.000,-0.105,-0.613,0.851
55961.000,0.084,-0.863,0.639
55962.000,0.120,-0.733,0.809
55963.000,0.344,-0.414,1.084
55964.000,0.246,-0.653,1.031
55965.000,0.326,-0.683,0.999
55966.000,0.398,-0.334,1.084
55967.000,0.416,-0.354,1.042
55968.000,0.569,-0.524,1.063
55969.000,0.506,-0.404,1.105
55970.000,0.380,-0.593,1.052
55971.000,0.237,-1.012,0.957
55972.000,0.246,-0.872,0.936
55973.000,0.344,-0.743,0.989
55974.000,0.228,-0.813,1.021
55975.000,0.210,-1.032,0.957
55976.000,0.192,-1.152,0.925
55977.000,0.129,-1.211,0.872
55978.000,0.147,-1.132,0.946
55979.000,0.183,-1.152,0.936
55980.000,0.165,-1.211,0.936
55981.000,0.075,-1.381,0.894
55982.000,0.102,-1.461,0.915
55983.000,0.057,-1.520,0.872
55984.000,0.111,-1.421,0.915
55985.000,0.120,-1.381,0.872
55986.000,0.120,-1.371,0.809
55987.000,0.183,-1.112,0.915
55988.000,0.219,-0.952,0.915
55989.000,0.174,-1.321,0.883
55990.000,0.120,-1.321,0.841
55991.000,0.183,-1.172,0.904
55992.000,0.317,-0.952,0.883
55993.000,0.282,-0.723,0.925
55994.000,0.326,-0.563,0.915
55995.000,0.353,-0.424,1.021
55996.000,0.416,-0.234,1.042
55997.000,0.497,0.045,1.084
55998.000,0.515,0.015,1.137
55999.000,0.434,-0.155,1.031
56000.000,0.470,-0.095,1.095
56001.000,0.542,0.045,1.137
56002.000,0.641,0.483,1.179
56003.000,0.677,0.593,1.243
56004.000,0.650,0.563,1.264
56005.000,0.623,0.443,1.201
56006.000,0.596,0.404,1.232
56007.000,0.713,0.762,1.275
56008.000,0.784,1.061,1.338
56009.000,0.659,0.713,1.232
56010.000,0.587,0.533,1.190
56011.000,0.686,0.623,1.243
56012.000,0.739,0.643,1.222
56013.000,0.677,0.683,1.253
56014.000,1.611,1.131,0.481
56015.000,1.835,0.384,0.227
56016.000,1.530,0.304,0.290
56017.000,0.910,0.663,0.417
56018.000,0.353,0.643,0.449
56019.000,0.542,0.782,-0.091
56020.000,-0.006,1.739,-1.436
56021.000,0.461,0.653,0.682
56022.000,0.569,0.164,1.074
56023.000,0.757,1.051,1.381
56024.000,0.802,1.181,1.338
56025.000,0.668,0.822,1.222
56026.000,0.569,0.314,1.095
56027.000,0.407,-0.165,1.031
56028.000,0.488,-0.005,1.126
56029.000,0.551,0.244,1.158
56030.000,0.515,0.015,1.084
56031.000,0.425,-0.284,1.052
56032.000,0.416,-0.464,0.989
56033.000,0.452,-0.264,1.021
56034.000,0.398,-0.424,0.946
56035.000,0.434,-0.175,1.021
56036.000,0.524,0.085,1.084
56037.000,0.542,0.154,1.084
56038.000,0.461,0.025,1.126
56039.000,0.425,-0.125,1.105
56040.000,0.524,0.075,1.137
56041.000,0.551,0.354,1.201
56042.000,0.515,0.204,1.052
56043.000,0.461,-0.045,1.021
56044.000,0.443,-0.165,1.042
56045.000,0.389,-0.254,1.063
56046.000,0.362,-0.205,1.074
56047.000,0.362,-0.563,0.925
56048.000,0.290,-0.813,0.978
56049.000,0.299,-0.693,0.925
56050.000,0.264,-0.783,0.915
56051.000,0.138,-1.132,0.809
56052.000,0.075,-1.371,0.830
56053.000,0.066,-1.520,0.745
56054.000,0.012,-1.391,0.767
56055.000,0.084,-1.391,0.819
56056.000,0.129,-1.191,0.788
56057.000,0.308,-0.793,0.936
56058.000,0.326,-0.474,1.042
56059.000,0.380,-0.294,0.978
56060.000,0.371,-0.294,0.989
56061.000,0.219,-0.843,0.872
56062.000,0.156,-1.132,0.756
56063.000,0.120,-1.251,0.809
56064.000,0.228,-0.932,0.830
56065.000,0.326,-0.743,0.936
56066.000,0.210,-0.833,0.915
56067.000,0.156,-1.062,0.894
56068.000,0.129,-1.052,0.851
56069.000,0.210,-0.892,0.904
56070.000,0.246,-0.773,0.883
56071.000,0.174,-0.902,0.830
56072.000,0.138,-1.182,0.756
56073.000,0.120,-0.902,0.491
56074.000,0.273,-0.334,0.491
56075.000,0.255,-0.444,0.438
56076.000,0.111,-0.952,0.354
56077.000,0.111,-1.162,0.385
56078.000,0.138,-1.172,0.396
56079.000,0.201,-1.072,0.512
56080.000,0.362,-0.514,0.534
56081.000,0.470,-0.274,0.608
56082.000,0.398,-0.364,0.798
56083.000,0.371,-0.434,0.915
56084.000,0.344,-0.344,0.946
56085.000,0.371,-0.504,0.862
56086.000,0.623,0.055,0.841
56087.000,0.623,-0.354,0.565
56088.000,0.650,-0.454,0.343
56089.000,0.398,-0.304,0.428
56090.000,0.192,-0.793,0.428
56091.000,0.183,-0.872,0.385
56092.000,0.335,-0.115,0.576
56093.000,0.380,0.882,0.682
56094.000,0.210,1.360,0.767
56095.000,-0.159,1.281,0.703
56096.000,-0.356,0.254,0.481
56097.000,-0.347,-0.613,0.417
56098.000,-0.239,-0.922,0.544
56099.000,-0.042,-0.474,0.650
56100.000,0.039,-1.211,0.819
56101.000,0.030,-1.221,0.798
56102.000,-0.060,-1.211,0.724
56103.000,-0.051,-1.411,0.756
56104.000,0.084,-1.092,0.798
56105.000,0.156,-0.693,0.777
56106.000,0.102,-0.394,0.237
56107.000,0.237,-0.534,0.597
56108.000,0.228,-0.234,0.417
56109.000,0.201,-0.105,-0.038
56110.000,0.192,0.264,-0.334
56111.000,-0.042,0.085,-0.853
56112.000,-0.105,0.075,-1.266
56113.000,0.021,0.124,-1.393
56114.000,0.317,0.713,-1.150
56115.000,0.425,0.802,-0.684
56116.000,0.299,-0.155,-0.282
56117.000,0.443,-0.234,0.280
56118.000,0.892,0.862,0.872
56119.000,1.197,0.972,1.306
56120.000,0.919,0.274,1.211
56121.000,0.497,-0.394,0.957
56122.000,0.389,-0.763,0.915
56123.000,0.228,-1.062,0.819
56124.000,0.228,-0.952,0.819
56125.000,0.290,-0.773,0.872
56126.000,0.219,-0.882,0.819
56127.000,0.174,-0.992,0.745
56128.000,-0.051,-0.892,0.544
56129.000,-0.141,-0.673,0.407
56130.000,-0.545,-0.334,0.036
56131.000,-1.254,0.025,-0.409
56132.000,-1.218,-0.055,0.269
56133.000,-1.030,-0.165,0.269
56134.000,-0.257,-0.135,0.152
56135.000,0.129,-0.394,0.216
56136.000,0.434,-0.225,0.152
56137.000,0.695,0.523,0.502
56138.000,0.766,0.703,0.629
56139.000,0.829,0.722,0.703
56140.000,0.731,0.433,0.767
56141.000,0.219,-0.573,0.671
56142.000,0.102,-0.823,0.692
56143.000,0.066,-0.773,0.830
56144.000,0.183,-0.155,0.851
56145.000,0.246,0.354,0.872
56146.000,0.138,0.294,0.872
56147.000,0.084,0.124,0.735
56148.000,0.030,-0.254,0.650
56149.000,-0.060,-0.653,0.576
56150.000,-0.078,-1.002,0.396
56151.000,-0.132,-1.191,0.311
56152.000,-0.069,-1.401,0.216
56153.000,0.012,-1.351,0.131
56154.000,0.192,-1.062,0.068
56155.000,0.255,-0.902,-0.059
56156.000,0.407,-0.713,-0.049
56157.000,0.542,-0.563,0.121
56158.000,0.596,-0.504,0.195
56159.000,0.748,-0.284,0.332
56160.000,1.027,0.085,0.385
56161.000,1.108,0.374,0.385
56162.000,1.162,0.722,0.407
56163.000,1.206,1.111,0.396
56164.000,0.847,0.224,0.385
56165.000,0.488,-0.494,0.512
56166.000,0.416,-0.553,0.661
56167.000,0.443,-0.234,0.883
56168.000,0.524,0.164,1.021
56169.000,0.497,0.244,0.989
56170.000,0.407,-0.015,0.904
56171.000,0.147,-0.553,0.809
56172.000,0.129,-0.952,0.724
56173.000,0.057,-1.072,0.756
56174.000,0.075,-1.072,0.735
56175.000,0.084,-1.191,0.735
56176.000,0.048,-1.261,0.671
56177.000,0.120,-1.002,0.587
56178.000,0.192,-0.952,0.555
56179.000,0.264,-0.932,0.428
56180.000,0.290,-0.902,0.258
56181.000,0.407,-0.713,0.100
56182.000,0.650,-0.314,-0.049
56183.000,0.883,0.094,-0.292
56184.000,1.242,0.374,-0.567
56185.000,1.413,0.742,-0.567
56186.000,1.180,0.623,-0.102
56187.000,0.847,0.274,0.258
56188.000,0.704,0.284,0.491
56189.000,0.533,0.154,0.809
56190.000,0.299,-0.284,0.989
56191.000,0.452,0.005,1.074
56192.000,0.434,0.254,1.158
56193.000,0.299,0.274,1.105
56194.000,0.326,0.184,1.042
56195.000,1.332,3.893,8.135
56196.000,-0.320,-2.079,0.597
56197.000,0.829,-0.125,1.719
56198.000,0.183,-0.623,0.608
56199.000,0.210,-1.182,0.491
56200.000,0.165,-1.062,0.311
56201.000,0.273,-1.032,0.248
56202.000,0.407,-1.102,0.047
56203.000,0.739,-1.122,-0.080
56204.000,1.126,-1.022,0.068
56205.000,1.197,-1.072,-0.091
56206.000,1.045,-0.843,-0.080
56207.000,0.820,-0.653,0.036
56208.000,0.820,-0.284,0.100
56209.000,0.739,-0.005,0.142
56210.000,0.847,0.573,0.269
56211.000,0.686,0.902,0.322
56212.000,0.641,1.012,0.523
56213.000,0.551,0.583,0.671
56214.000,0.264,-0.553,0.576
56215.000,0.165,-1.231,0.682
56216.000,0.335,-0.653,0.809
56217.000,0.533,-0.195,0.883
56218.000,0.497,-0.314,0.819
56219.000,0.542,-0.095,0.819
56220.000,0.533,-0.274,0.724
56221.000,0.389,-0.583,0.650
56222.000,0.416,-0.803,0.555
56223.000,0.308,-0.952,0.385
56224.000,0.326,-1.062,0.237
56225.000,0.273,-1.112,0.100
56226.000,0.290,-1.112,-0.091
56227.000,0.290,-1.022,-0.292
56228.000,0.219,-0.703,-0.716
56229.000,-0.230,-0.553,-1.181
56230.000,-0.006,-0.544,-0.038
56231.000,0.174,-0.165,0.354
56232.000,0.326,0.344,0.523
56233.000,0.255,0.035,0.587
56234.000,0.461,0.543,0.724
56235.000,0.497,0.483,0.841
56236.000,0.398,0.114,0.724
56237.000,0.353,0.344,0.735
56238.000,-0.006,-0.354,0.714
56239.000,-0.006,-0.534,0.555
56240.000,-0.051,-0.304,0.608
56241.000,-0.033,-0.324,0.597
56242.000,0.012,0.513,0.650
56243.000,0.021,1.141,0.661
56244.000,-0.033,0.922,0.512
56245.000,-0.105,0.214,0.332
56246.000,-0.230,-0.434,0.343
56247.000,-0.230,-1.201,0.280
56248.000,-0.141,-1.311,0.375
56249.000,-0.123,-1.321,0.428
56250.000,0.084,-1.062,0.470
56251.000,0.057,-1.261,0.396
56252.000,0.057,-1.241,0.301
56253.000,0.156,-1.012,0.227
56254.000,0.066,-0.962,0.131
56255.000,0.111,-0.773,0.152
56256.000,0.228,-0.294,0.163
56257.000,0.299,0.124,0.174
56258.000,0.470,0.832,0.280
56259.000,0.775,1.570,0.396
56260.000,0.838,0.703,0.428
56261.000,0.650,-0.424,0.269
56262.000,0.802,-0.025,0.534
56263.000,0.775,-0.215,0.565
56264.000,0.955,-0.643,0.565
56265.000,0.856,-0.763,0.639
56266.000,0.722,-0.563,0.745
56267.000,0.686,-0.394,0.692
56268.000,0.668,-0.215,0.671
56269.000,0.596,-0.264,0.745
56270.000,-0.455,-0.663,-0.091
56271.000,-0.455,-0.643,-0.091
56272.000,-0.545,-0.673,-0.155
56273.000,-0.329,-0.773,-0.102
56274.000,0.021,-0.932,-0.091
56275.000,0.443,-0.593,0.036
56276.000,0.533,-0.753,0.216
56277.000,0.748,-0.563,0.237
56278.000,1.045,0.025,0.407
56279.000,1.009,0.005,0.481
56280.000,0.919,0.055,0.639
56281.000,0.946,0.274,0.714
56282.000,0.991,0.433,0.703
56283.000,0.919,0.244,0.618
56284.000,0.686,-0.524,0.375
56285.000,0.497,-0.872,0.354
56286.000,0.443,-0.992,0.237
56287.000,0.443,-0.942,0.195
56288.000,0.470,-0.643,0.047
56289.000,0.452,-0.304,-0.006
56290.000,0.255,-0.225,-0.070
56291.000,-0.078,0.164,-0.250
56292.000,-0.814,-0.015,-0.250
56293.000,-0.581,-0.524,-0.091
56294.000,-0.329,-1.002,0.025
56295.000,-0.293,-1.221,0.131
56296.000,-0.194,-1.032,0.163
56297.000,0.093,-0.384,0.227
56298.000,0.039,0.144,0.216
56299.000,-0.006,0.194,0.163
56300.000,-0.078,-0.125,0.142
56301.000,0.138,-0.673,0.195
56302.000,0.174,-0.992,0.311
56303.000,0.219,-0.982,0.364
56304.000,0.398,-0.673,0.534
56305.000,0.695,0.224,0.576
56306.000,0.928,0.872,0.555
56307.000,0.856,0.114,0.205
56308.000,0.677,-0.424,0.280
56309.000,0.569,-0.683,0.195
56310.000,0.587,-0.603,0.078
56311.000,0.650,-0.314,-0.059
56312.000,0.650,-0.205,-0.186
56313.000,0.425,-0.514,-0.504
56314.000,0.237,-0.254,-0.631
56315.000,0.075,-0.155,-0.642
56316.000,0.147,-0.484,-0.514
56317.000,0.192,-0.633,-0.207
56318.000,0.156,-0.733,0.078
56319.000,0.156,-0.882,0.311
56320.000,0.380,-0.962,3.138
56321.000,0.470,-1.251,4.038
56322.000,0.901,-0.863,3.159
56323.000,1.269,0.792,1.751
56324.000,0.470,1.709,-2.642
56325.000,-0.167,0.752,-2.155
56326.000,0.416,0.324,1.148
56327.000,0.210,0.104,3.244
56328.000,-0.015,0.005,2.767
56329.000,-0.661,0.194,0.576
56330.000,-2.071,-0.374,0.544
56331.000,-1.021,0.094,1.052
56332.000,-1.030,0.184,0.216
56333.000,-0.428,0.234,0.237
56334.000,0.371,0.164,0.777
56335.000,-0.132,-0.464,1.169
56336.000,-0.042,-0.384,0.936
56337.000,-0.042,-1.191,1.359
56338.000,-0.096,-1.431,0.576
56339.000,-0.383,-1.451,0.788
56340.000,-0.581,-0.942,0.417
56341.000,-0.356,-0.932,0.385
56342.000,-0.123,-0.992,0.438
56343.000,-0.105,-0.853,0.798
56344.000,0.111,-0.833,1.116
56345.000,-0.266,-1.042,1.021
56346.000,-0.114,-0.803,0.904
56347.000,0.093,-0.464,0.862
56348.000,0.129,-0.185,0.904
56349.000,0.362,-0.115,0.703
56350.000,-0.221,0.164,0.894
56351.000,0.299,0.384,1.169
56352.000,0.326,1.081,1.211
56353.000,0.488,1.191,0.999
56354.000,0.237,1.101,0.894
56355.000,0.156,0.673,1.296
56356.000,-0.132,0.144,1.328
56357.000,-0.096,-0.384,1.433
56358.000,-0.123,-0.593,2.122
56359.000,-0.302,-0.783,2.577
56360.000,-0.437,-0.912,2.704
56361.000,-0.706,-0.663,2.291
56362.000,-0.230,-0.294,1.465
56363.000,-0.078,-0.025,1.444
56364.000,-0.257,-0.274,1.486
56365.000,-0.275,-0.733,1.529
56366.000,-0.212,-1.012,1.148
56367.000,0.147,-1.052,1.105
56368.000,0.425,-1.271,0.989
56369.000,0.371,-1.580,1.529
56370.000,0.192,-1.710,1.338
56371.000,0.003,-1.261,1.063
56372.000,-0.087,-1.152,1.137
56373.000,-0.114,-1.062,1.328
56374.000,0.048,-0.912,1.253
56375.000,-0.105,-0.843,1.074
56376.000,-0.114,-0.863,1.042
56377.000,0.012,-0.693,1.201
56378.000,0.210,-0.414,1.423
56379.000,0.282,-0.125,1.518
56380.000,0.299,0.114,1.486
56381.000,0.452,0.703,1.338
56382.000,0.811,1.590,1.052
56383.000,0.874,1.819,0.894
56384.000,0.533,0.912,1.179
56385.000,-0.006,0.513,1.740
56386.000,-0.482,-0.254,2.302
56387.000,-0.617,-0.703,3.011
56388.000,-0.608,-0.962,3.350
56389.000,-0.715,-1.351,2.852
56390.000,-0.599,-0.813,2.058
56391.000,-0.383,-0.234,0.957
56392.000,-0.275,0.184,-0.282
56393.000,0.156,-0.474,0.608
56394.000,0.066,-0.932,-0.271
56395.000,-0.006,-1.172,0.237
56396.000,0.084,-1.102,0.534
56397.000,0.228,-0.534,0.724
56398.000,0.299,-0.653,0.841
56399.000,0.326,-0.863,0.946
56400.000,0.156,-1.231,0.936
56401.000,0.021,-1.471,0.894
56402.000,-0.024,-1.471,0.957
56403.000,0.120,-1.072,0.946
56404.000,0.308,-0.244,1.052
56405.000,0.335,0.085,1.042
56406.000,0.282,0.284,0.894
56407.000,0.174,0.154,0.639
56408.000,0.264,1.590,0.650
56409.000,0.012,2.278,0.280
56410.000,-0.410,1.241,-0.260
56411.000,-0.123,0.842,-0.334
56412.000,-0.015,-0.374,-0.207
56413.000,0.201,-0.494,0.131
56414.000,0.515,-0.225,0.481
56415.000,0.578,-0.115,0.798
56416.000,0.587,-0.115,0.968
56417.000,0.632,-0.035,1.052
56418.000,0.470,-0.374,1.052
56419.000,0.264,-1.012,0.872
56420.000,0.156,-1.182,0.936
56421.000,0.048,-1.461,0.841
56422.000,0.057,-1.700,0.767
56423.000,0.039,-1.570,0.767
56424.000,0.075,-1.491,0.819
56425.000,0.093,-1.371,0.777
56426.000,0.147,-1.132,0.745
56427.000,0.282,-0.872,0.639
56428.000,0.407,-0.494,0.385
56429.000,-0.410,0.703,-3.839
56430.000,-0.913,0.663,-2.695
56431.000,0.479,-0.334,-0.493
56432.000,0.659,0.085,-0.186
56433.000,0.623,0.523,0.025
56434.000,0.299,1.341,-0.483
56435.000,-0.311,1.550,-0.155
56436.000,-0.311,0.762,1.116
56437.000,-0.132,0.025,1.539
56438.000,0.282,-0.095,1.338
56439.000,0.210,-0.504,1.201
56440.000,0.282,-0.185,1.211
56441.000,0.282,-0.205,1.232
56442.000,0.264,-0.384,1.253
56443.000,0.201,-0.803,1.095
56444.000,0.147,-1.022,0.946
56445.000,0.156,-0.414,0.946
56446.000,0.120,-0.264,0.883
56447.000,0.138,-0.404,0.682
56448.000,-0.114,-0.384,0.269
56449.000,-0.688,-0.553,-1.859
56450.000,-0.105,-0.504,-0.419
56451.000,0.524,-1.351,-1.393
56452.000,0.264,-1.231,-0.006
56453.000,0.201,-1.002,0.449
56454.000,0.255,-0.753,0.576
56455.000,0.371,-0.075,0.767
56456.000,0.470,0.453,0.894
56457.000,0.533,0.593,0.978
56458.000,0.497,0.553,0.936
56459.000,0.668,1.311,1.052
56460.000,0.264,0.085,0.809
56461.000,0.111,-0.504,0.661
56462.000,0.452,0.523,0.894
56463.000,0.299,-0.175,0.819
56464.000,0.407,0.035,0.894
56465.000,0.578,0.294,1.105
56466.000,0.515,0.224,1.158
56467.000,0.605,0.314,1.232
56468.000,0.452,-0.165,1.148
56469.000,0.237,-0.773,0.957
56470.000,0.219,-1.002,0.946
56471.000,0.066,-1.271,0.862
56472.000,0.120,-1.371,0.830
56473.000,0.003,-1.471,0.724
56474.000,-0.051,-1.411,0.639
56475.000,-0.167,-1.391,0.502
56476.000,-0.185,-1.291,0.343
56477.000,-0.266,-1.032,0.216
56478.000,-0.320,-0.673,0.089
56479.000,-0.383,-0.703,0.015
56480.000,-0.401,-0.663,0.015
56481.000,-0.338,-0.025,-0.059
56482.000,-0.167,0.752,-0.133
56483.000,0.021,1.510,0.110
56484.000,0.326,2.008,0.195
56485.000,0.632,2.238,0.354
56486.000,0.542,1.301,0.385
56487.000,0.488,0.483,0.692
56488.000,0.515,0.593,1.116
56489.000,0.407,-0.115,1.169
56490.000,0.344,-0.284,1.190
56491.000,0.317,-0.254,1.179
56492.000,0.353,-0.334,1.126
56493.000,0.299,-0.573,1.074
56494.000,0.264,-0.853,0.915
56495.000,0.093,-1.301,0.862
56496.000,0.057,-1.471,0.798
56497.000,0.165,-1.321,0.809
56498.000,0.290,-0.972,0.894
